country_id,Year,number_of_deaths
1,1990,9518
1,1991,9489
1,1992,9528
1,1993,9611
1,1994,9675
1,1995,9608
1,1996,9503
1,1997,9286
1,1998,9024
1,1999,8857
1,2000,8829
1,2001,9047
1,2002,9151
1,2003,9410
1,2004,9759
1,2005,10051
1,2006,10519
1,2007,11218
1,2008,12106
1,2009,12982
1,2010,13785
1,2011,14666
1,2012,15603
1,2013,16511
1,2014,17451
1,2015,18383
1,2016,19346
1,2017,20345
1,2018,21251
1,2019,22048
2,1990,1417
2,1991,1463
2,1992,1415
2,1993,1363
2,1994,1301
2,1995,1371
2,1996,1450
2,1997,1531
2,1998,1606
2,1999,1679
2,2000,1718
2,2001,1717
2,2002,1849
2,2003,2033
2,2004,2111
2,2005,2139
2,2006,2091
2,2007,2069
2,2008,2162
2,2009,2196
2,2010,2268
2,2011,2376
2,2012,2459
2,2013,2553
2,2014,2675
2,2015,2799
2,2016,2885
2,2017,2967
2,2018,3044
2,2019,3120
3,1990,14353
3,1991,14982
3,1992,15434
3,1993,15897
3,1994,16381
3,1995,16735
3,1996,17036
3,1997,17301
3,1998,17488
3,1999,18066
3,2000,18498
3,2001,18986
3,2002,19540
3,2003,20182
3,2004,20869
3,2005,21533
3,2006,22225
3,2007,22961
3,2008,23732
3,2009,24572
3,2010,25412
3,2011,26382
3,2012,27365
3,2013,28379
3,2014,29564
3,2015,30766
3,2016,31789
3,2017,33044
3,2018,34597
3,2019,36087
4,1990,44
4,1991,47
4,1992,49
4,1993,51
4,1994,54
4,1995,56
4,1996,58
4,1997,60
4,1998,62
4,1999,64
4,2000,66
4,2001,68
4,2002,71
4,2003,73
4,2004,75
4,2005,76
4,2006,76
4,2007,77
4,2008,77
4,2009,77
4,2010,78
4,2011,80
4,2012,82
4,2013,84
4,2014,86
4,2015,88
4,2016,90
4,2017,92
4,2018,93
4,2019,95
5,1990,22
5,1991,23
5,1992,24
5,1993,26
5,1994,27
5,1995,27
5,1996,28
5,1997,29
5,1998,29
5,1999,30
5,2000,31
5,2001,32
5,2002,34
5,2003,35
5,2004,37
5,2005,38
5,2006,39
5,2007,41
5,2008,43
5,2009,44
5,2010,46
5,2011,45
5,2012,46
5,2013,47
5,2014,49
5,2015,51
5,2016,52
5,2017,54
5,2018,56
5,2019,58
6,1990,1158
6,1991,1194
6,1992,1242
6,1993,1312
6,1994,1382
6,1995,1435
6,1996,1470
6,1997,1540
6,1998,1664
6,1999,1784
6,2000,1888
6,2001,1966
6,2002,2049
6,2003,2188
6,2004,2358
6,2005,2458
6,2006,2622
6,2007,2771
6,2008,2994
6,2009,3238
6,2010,3502
6,2011,3813
6,2012,4174
6,2013,4531
6,2014,4810
6,2015,5219
6,2016,5636
6,2017,6092
6,2018,6545
6,2019,6981
7,1990,39
7,1991,41
7,1992,42
7,1993,46
7,1994,47
7,1995,48
7,1996,47
7,1997,47
7,1998,48
7,1999,48
7,2000,49
7,2001,50
7,2002,51
7,2003,52
7,2004,54
7,2005,56
7,2006,58
7,2007,64
7,2008,66
7,2009,65
7,2010,67
7,2011,69
7,2012,71
7,2013,74
7,2014,77
7,2015,80
7,2016,83
7,2017,86
7,2018,88
7,2019,91
8,1990,22271
8,1991,22689
8,1992,23518
8,1993,23909
8,1994,24043
8,1995,24729
8,1996,25447
8,1997,26237
8,1998,27296
8,1999,28226
8,2000,28032
8,2001,28610
8,2002,29460
8,2003,30052
8,2004,29713
8,2005,29490
8,2006,29689
8,2007,30527
8,2008,29994
8,2009,30291
8,2010,30861
8,2011,31240
8,2012,31548
8,2013,31946
8,2014,32192
8,2015,33167
8,2016,34897
8,2017,35840
8,2018,35980
8,2019,36676
9,1990,2157
9,1991,2314
9,1992,2629
9,1993,2786
9,1994,2710
9,1995,2804
9,1996,2933
9,1997,2928
9,1998,3000
9,1999,3086
9,2000,3137
9,2001,3286
9,2002,3393
9,2003,3550
9,2004,3590
9,2005,3709
9,2006,3834
9,2007,3917
9,2008,4068
9,2009,4137
9,2010,4191
9,2011,4219
9,2012,4224
9,2013,4146
9,2014,4164
9,2015,4286
9,2016,4280
9,2017,4356
9,2018,4411
9,2019,4463
10,1990,12439
10,1991,12434
10,1992,12656
10,1993,12715
10,1994,13017
10,1995,13068
10,1996,13305
10,1997,13363
10,1998,13411
10,1999,13449
10,2000,13557
10,2001,13685
10,2002,13949
10,2003,14038
10,2004,14000
10,2005,14012
10,2006,14225
10,2007,14674
10,2008,14995
10,2009,15049
10,2010,15129
10,2011,15365
10,2012,15404
10,2013,15593
10,2014,16075
10,2015,16573
10,2016,16747
10,2017,17255
10,2018,18067
10,2019,18712
11,1990,7055
11,1991,7155
11,1992,7209
11,1993,7244
11,1994,7230
11,1995,7332
11,1996,7456
11,1997,7455
11,1998,7501
11,1999,7543
11,2000,7521
11,2001,7421
11,2002,7491
11,2003,7564
11,2004,7501
11,2005,7587
11,2006,7551
11,2007,7619
11,2008,7669
11,2009,7850
11,2010,7955
11,2011,8089
11,2012,8305
11,2013,8433
11,2014,8565
11,2015,8809
11,2016,8836
11,2017,8778
11,2018,8844
11,2019,8982
12,1990,5616
12,1991,5966
12,1992,6449
12,1993,6846
12,1994,7162
12,1995,7171
12,1996,7157
12,1997,7079
12,1998,7126
12,1999,7229
12,2000,7314
12,2001,7449
12,2002,7772
12,2003,8273
12,2004,8694
12,2005,9074
12,2006,9384
12,2007,9712
12,2008,10316
12,2009,10850
12,2010,11284
12,2011,11671
12,2012,12069
12,2013,12379
12,2014,12789
12,2015,13108
12,2016,13536
12,2017,13976
12,2018,14030
12,2019,14333
13,1990,187
13,1991,189
13,1992,191
13,1993,198
13,1994,204
13,1995,209
13,1996,222
13,1997,224
13,1998,232
13,1999,246
13,2000,246
13,2001,258
13,2002,259
13,2003,267
13,2004,278
13,2005,279
13,2006,291
13,2007,293
13,2008,307
13,2009,326
13,2010,335
13,2011,345
13,2012,350
13,2013,359
13,2014,371
13,2015,386
13,2016,399
13,2017,412
13,2018,427
13,2019,441
14,1990,338
14,1991,354
14,1992,365
14,1993,371
14,1994,380
14,1995,392
14,1996,405
14,1997,411
14,1998,421
14,1999,438
14,2000,418
14,2001,400
14,2002,451
14,2003,506
14,2004,539
14,2005,561
14,2006,576
14,2007,591
14,2008,612
14,2009,638
14,2010,672
14,2011,702
14,2012,729
14,2013,759
14,2014,792
14,2015,834
14,2016,888
14,2017,960
14,2018,1034
14,2019,1127
15,1990,6523
15,1991,6221
15,1992,6521
15,1993,6738
15,1994,7018
15,1995,7565
15,1996,7866
15,1997,8207
15,1998,8694
15,1999,9366
15,2000,10457
15,2001,11446
15,2002,12815
15,2003,14386
15,2004,16020
15,2005,18121
15,2006,20319
15,2007,22275
15,2008,23994
15,2009,25919
15,2010,27759
15,2011,28414
15,2012,29609
15,2013,30901
15,2014,32464
15,2015,34204
15,2016,36159
15,2017,38854
15,2018,41282
15,2019,43803
16,1990,288
16,1991,289
16,1992,300
16,1993,304
16,1994,307
16,1995,309
16,1996,307
16,1997,310
16,1998,307
16,1999,301
16,2000,307
16,2001,299
16,2002,313
16,2003,327
16,2004,334
16,2005,333
16,2006,337
16,2007,342
16,2008,343
16,2009,341
16,2010,344
16,2011,352
16,2012,354
16,2013,367
16,2014,380
16,2015,391
16,2016,402
16,2017,414
16,2018,430
16,2019,451
17,1990,12712
17,1991,13387
17,1992,14106
17,1993,15689
17,1994,16130
17,1995,16962
17,1996,17068
17,1997,17574
17,1998,18079
17,1999,18812
17,2000,18131
17,2001,19246
17,2002,20591
17,2003,20247
17,2004,19980
17,2005,20454
17,2006,19933
17,2007,19226
17,2008,19354
17,2009,19738
17,2010,20076
17,2011,20650
17,2012,18750
17,2013,18822
17,2014,18877
17,2015,18656
17,2016,18828
17,2017,19102
17,2018,19042
17,2019,19272
18,1990,7691
18,1991,7626
18,1992,7654
18,1993,7712
18,1994,7706
18,1995,7755
18,1996,7777
18,1997,7803
18,1998,7916
18,1999,7992
18,2000,7951
18,2001,7876
18,2002,7940
18,2003,7926
18,2004,7747
18,2005,7721
18,2006,7615
18,2007,7670
18,2008,7776
18,2009,7740
18,2010,7727
18,2011,7770
18,2012,7885
18,2013,7933
18,2014,7836
18,2015,8028
18,2016,8017
18,2017,8193
18,2018,8373
18,2019,8573
19,1990,66
19,1991,67
19,1992,71
19,1993,76
19,1994,83
19,1995,93
19,1996,103
19,1997,116
19,1998,127
19,1999,139
19,2000,149
19,2001,148
19,2002,150
19,2003,156
19,2004,165
19,2005,171
19,2006,180
19,2007,183
19,2008,184
19,2009,193
19,2010,203
19,2011,209
19,2012,214
19,2013,224
19,2014,236
19,2015,246
19,2016,256
19,2017,267
19,2018,285
19,2019,298
20,1990,976
20,1991,1032
20,1992,1089
20,1993,1152
20,1994,1233
20,1995,1313
20,1996,1406
20,1997,1483
20,1998,1580
20,1999,1678
20,2000,1778
20,2001,1867
20,2002,1966
20,2003,2065
20,2004,2163
20,2005,2248
20,2006,2347
20,2007,2455
20,2008,2588
20,2009,2747
20,2010,2882
20,2011,3029
20,2012,3151
20,2013,3261
20,2014,3380
20,2015,3505
20,2016,3650
20,2017,3815
20,2018,3910
20,2019,4072
21,1990,70
21,1991,69
21,1992,67
21,1993,67
21,1994,66
21,1995,64
21,1996,64
21,1997,61
21,1998,60
21,1999,60
21,2000,60
21,2001,58
21,2002,57
21,2003,57
21,2004,57
21,2005,58
21,2006,58
21,2007,59
21,2008,60
21,2009,61
21,2010,62
21,2011,63
21,2012,65
21,2013,68
21,2014,70
21,2015,72
21,2016,74
21,2017,76
21,2018,78
21,2019,80
22,1990,74
22,1991,78
22,1992,81
22,1993,86
22,1994,91
22,1995,96
22,1996,101
22,1997,108
22,1998,115
22,1999,120
22,2000,130
22,2001,137
22,2002,145
22,2003,155
22,2004,164
22,2005,173
22,2006,180
22,2007,187
22,2008,194
22,2009,202
22,2010,210
22,2011,219
22,2012,229
22,2013,240
22,2014,251
22,2015,262
22,2016,273
22,2017,283
22,2018,295
22,2019,307
23,1990,2602
23,1991,2717
23,1992,2851
23,1993,2998
23,1994,3113
23,1995,3253
23,1996,3366
23,1997,3556
23,1998,3699
23,1999,3854
23,2000,4014
23,2001,4165
23,2002,4367
23,2003,4553
23,2004,4735
23,2005,4944
23,2006,5148
23,2007,5415
23,2008,5672
23,2009,5929
23,2010,6182
23,2011,6457
23,2012,6724
23,2013,6984
23,2014,7235
23,2015,7525
23,2016,7930
23,2017,8319
23,2018,8673
23,2019,8983
24,1990,3100
24,1991,3415
24,1992,3476
24,1993,3547
24,1994,3602
24,1995,3628
24,1996,3656
24,1997,3784
24,1998,3749
24,1999,3942
24,2000,4172
24,2001,4474
24,2002,4752
24,2003,4896
24,2004,5014
24,2005,5250
24,2006,5261
24,2007,5572
24,2008,5318
24,2009,5373
24,2010,5391
24,2011,5442
24,2012,5415
24,2013,5494
24,2014,5572
24,2015,5757
24,2016,5686
24,2017,5693
24,2018,5780
24,2019,5845
25,1990,442
25,1991,483
25,1992,531
25,1993,580
25,1994,632
25,1995,683
25,1996,726
25,1997,771
25,1998,838
25,1999,908
25,2000,990
25,2001,1062
25,2002,1127
25,2003,1166
25,2004,1170
25,2005,1158
25,2006,1170
25,2007,1200
25,2008,1282
25,2009,1350
25,2010,1427
25,2011,1513
25,2012,1583
25,2013,1665
25,2014,1750
25,2015,1819
25,2016,1871
25,2017,1949
25,2018,2041
25,2019,2137
26,1990,74266
26,1991,75080
26,1992,77790
26,1993,82369
26,1994,84798
26,1995,87227
26,1996,90401
26,1997,92136
26,1998,95865
26,1999,99165
26,2000,101997
26,2001,105167
26,2002,108747
26,2003,112811
26,2004,117068
26,2005,118581
26,2006,122761
26,2007,126972
26,2008,131693
26,2009,136351
26,2010,140489
26,2011,144797
26,2012,147209
26,2013,150986
26,2014,154203
26,2015,158779
26,2016,165582
26,2017,167311
26,2018,172196
26,2019,177940
27,1990,58
27,1991,58
27,1992,59
27,1993,60
27,1994,60
27,1995,61
27,1996,61
27,1997,65
27,1998,68
27,1999,71
27,2000,75
27,2001,78
27,2002,84
27,2003,91
27,2004,97
27,2005,103
27,2006,108
27,2007,112
27,2008,114
27,2009,120
27,2010,127
27,2011,132
27,2012,137
27,2013,144
27,2014,151
27,2015,158
27,2016,164
27,2017,172
27,2018,180
27,2019,187
28,1990,20346
28,1991,20766
28,1992,21699
28,1993,22645
28,1994,23745
28,1995,24357
28,1996,24850
28,1997,25794
28,1998,25078
28,1999,24253
28,2000,24363
28,2001,24060
28,2002,23829
28,2003,23505
28,2004,23275
28,2005,23548
28,2006,23589
28,2007,22993
28,2008,22385
28,2009,22004
28,2010,21849
28,2011,21666
28,2012,21268
28,2013,20941
28,2014,21645
28,2015,21664
28,2016,21841
28,2017,22012
28,2018,22490
28,2019,22742
29,1990,1082
29,1991,1117
29,1992,1175
29,1993,1241
29,1994,1315
29,1995,1397
29,1996,1475
29,1997,1582
29,1998,1693
29,1999,1824
29,2000,1962
29,2001,2068
29,2002,2208
29,2003,2321
29,2004,2469
29,2005,2621
29,2006,2777
29,2007,2947
29,2008,3112
29,2009,3307
29,2010,3512
29,2011,3699
29,2012,3930
29,2013,4180
29,2014,4439
29,2015,4723
29,2016,5034
29,2017,5341
29,2018,5611
29,2019,5798
30,1990,989
30,1991,1004
30,1992,1017
30,1993,1041
30,1994,1052
30,1995,1067
30,1996,1075
30,1997,1072
30,1998,1069
30,1999,1055
30,2000,1049
30,2001,1022
30,2002,1018
30,2003,1027
30,2004,1047
30,2005,1067
30,2006,1076
30,2007,1087
30,2008,1107
30,2009,1134
30,2010,1184
30,2011,1240
30,2012,1314
30,2013,1384
30,2014,1454
30,2015,1520
30,2016,1577
30,2017,1647
30,2018,1738
30,2019,1813
31,1990,1090
31,1991,1122
31,1992,1159
31,1993,1209
31,1994,1264
31,1995,1316
31,1996,1362
31,1997,1408
31,1998,1467
31,1999,1530
31,2000,1593
31,2001,1672
31,2002,1764
31,2003,1870
31,2004,1992
31,2005,2115
31,2006,2251
31,2007,2424
31,2008,2615
31,2009,2821
31,2010,3046
31,2011,3267
31,2012,3487
31,2013,3719
31,2014,3955
31,2015,4201
31,2016,4451
31,2017,4700
31,2018,4976
31,2019,5255
32,1990,3756
32,1991,3950
32,1992,4173
32,1993,4420
32,1994,4654
32,1995,4896
32,1996,5149
32,1997,5456
32,1998,5791
32,1999,6110
32,2000,6478
32,2001,6762
32,2002,7079
32,2003,7390
32,2004,7685
32,2005,8033
32,2006,8385
32,2007,8696
32,2008,9064
32,2009,9481
32,2010,9916
32,2011,10389
32,2012,10840
32,2013,11242
32,2014,11632
32,2015,12014
32,2016,12324
32,2017,12690
32,2018,13144
32,2019,13529
33,1990,17631
33,1991,17923
33,1992,18295
33,1993,18929
33,1994,19386
33,1995,19873
33,1996,20320
33,1997,20792
33,1998,21280
33,1999,21675
33,2000,22021
33,2001,22380
33,2002,22925
33,2003,23260
33,2004,23325
33,2005,23486
33,2006,23305
33,2007,23556
33,2008,23649
33,2009,23562
33,2010,23677
33,2011,23722
33,2012,24138
33,2013,24528
33,2014,25188
33,2015,25722
33,2016,26531
33,2017,27314
33,2018,28815
33,2019,29814
34,1990,74
34,1991,78
34,1992,82
34,1993,87
34,1994,92
34,1995,98
34,1996,107
34,1997,116
34,1998,122
34,1999,129
34,2000,134
34,2001,139
34,2002,146
34,2003,151
34,2004,158
34,2005,164
34,2006,164
34,2007,169
34,2008,177
34,2009,186
34,2010,194
34,2011,206
34,2012,218
34,2013,226
34,2014,237
34,2015,252
34,2016,272
34,2017,285
34,2018,332
34,2019,342
35,1990,546
35,1991,559
35,1992,561
35,1993,583
35,1994,604
35,1995,623
35,1996,654
35,1997,675
35,1998,705
35,1999,736
35,2000,756
35,2001,782
35,2002,814
35,2003,844
35,2004,874
35,2005,901
35,2006,929
35,2007,954
35,2008,976
35,2009,1011
35,2010,1061
35,2011,1105
35,2012,1138
35,2013,1183
35,2014,1212
35,2015,1240
35,2016,1261
35,2017,1281
35,2018,1304
35,2019,1325
36,1990,611
36,1991,636
36,1992,677
36,1993,723
36,1994,763
36,1995,805
36,1996,872
36,1997,933
36,1998,993
36,1999,1055
36,2000,1105
36,2001,1162
36,2002,1221
36,2003,1287
36,2004,1332
36,2005,1373
36,2006,1431
36,2007,1514
36,2008,1604
36,2009,1693
36,2010,1786
36,2011,1882
36,2012,1981
36,2013,2067
36,2014,2158
36,2015,2260
36,2016,2374
36,2017,2493
36,2018,2614
36,2019,2714
37,1990,6768
37,1991,6745
37,1992,6817
37,1993,7063
37,1994,7302
37,1995,7631
37,1996,7878
37,1997,7990
37,1998,8302
37,1999,8628
37,2000,8785
37,2001,9249
37,2002,9470
37,2003,9893
37,2004,10143
37,2005,10227
37,2006,10295
37,2007,10463
37,2008,10419
37,2009,10827
37,2010,11182
37,2011,11298
37,2012,11550
37,2013,11891
37,2014,12135
37,2015,12496
37,2016,12644
37,2017,13198
37,2018,13653
37,2019,14095
38,1990,234998
38,1991,241216
38,1992,248473
38,1993,256553
38,1994,262951
38,1995,271311
38,1996,281729
38,1997,293383
38,1998,307133
38,1999,326083
38,2000,347412
38,2001,363105
38,2002,382317
38,2003,400645
38,2004,421108
38,2005,433788
38,2006,439518
38,2007,454164
38,2008,478071
38,2009,503967
38,2010,533220
38,2011,557531
38,2012,576568
38,2013,597073
38,2014,618146
38,2015,639810
38,2016,667629
38,2017,694797
38,2018,724651
38,2019,764698
39,1990,10534
39,1991,11280
39,1992,11749
39,1993,12163
39,1994,12658
39,1995,13069
39,1996,13767
39,1997,13721
39,1998,14095
39,1999,14930
39,2000,15405
39,2001,15845
39,2002,17581
39,2003,17229
39,2004,17484
39,2005,17208
39,2006,17837
39,2007,17783
39,2008,18245
39,2009,19066
39,2010,19349
39,2011,19088
39,2012,19583
39,2013,20026
39,2014,20573
39,2015,21662
39,2016,22682
39,2017,23584
39,2018,24713
39,2019,25730
40,1990,120
40,1991,125
40,1992,135
40,1993,141
40,1994,150
40,1995,156
40,1996,161
40,1997,164
40,1998,163
40,1999,164
40,2000,171
40,2001,174
40,2002,177
40,2003,178
40,2004,176
40,2005,185
40,2006,182
40,2007,198
40,2008,208
40,2009,207
40,2010,211
40,2011,222
40,2012,233
40,2013,243
40,2014,268
40,2015,278
40,2016,287
40,2017,297
40,2018,301
40,2019,309
41,1990,1073
41,1991,1097
41,1992,1127
41,1993,1179
41,1994,1270
41,1995,1336
41,1996,1417
41,1997,1477
41,1998,1485
41,1999,1527
41,2000,1533
41,2001,1523
41,2002,1530
41,2003,1602
41,2004,1662
41,2005,1716
41,2006,1781
41,2007,1860
41,2008,1942
41,2009,2008
41,2010,2074
41,2011,2146
41,2012,2260
41,2013,2373
41,2014,2491
41,2015,2581
41,2016,2680
41,2017,2793
41,2018,2920
41,2019,3044
42,1990,27
42,1991,27
42,1992,28
42,1993,28
42,1994,28
42,1995,29
42,1996,29
42,1997,30
42,1998,31
42,1999,31
42,2000,32
42,2001,33
42,2002,33
42,2003,34
42,2004,35
42,2005,35
42,2006,35
42,2007,35
42,2008,35
42,2009,35
42,2010,36
42,2011,37
42,2012,38
42,2013,39
42,2014,39
42,2015,41
42,2016,42
42,2017,43
42,2018,44
42,2019,45
43,1990,925
43,1991,981
43,1992,1036
43,1993,1076
43,1994,1175
43,1995,1266
43,1996,1260
43,1997,1303
43,1998,1368
43,1999,1452
43,2000,1464
43,2001,1541
43,2002,1543
43,2003,1622
43,2004,1694
43,2005,1633
43,2006,1755
43,2007,1613
43,2008,1709
43,2009,1743
43,2010,2002
43,2011,1972
43,2012,2028
43,2013,2103
43,2014,2181
43,2015,2323
43,2016,2502
43,2017,2598
43,2018,2710
43,2019,2804
44,1990,2466
44,1991,2620
44,1992,2799
44,1993,3020
44,1994,3250
44,1995,3494
44,1996,3694
44,1997,3871
44,1998,4085
44,1999,4310
44,2000,4547
44,2001,4731
44,2002,4887
44,2003,5062
44,2004,5217
44,2005,5345
44,2006,5466
44,2007,5562
44,2008,5666
44,2009,5850
44,2010,6057
44,2011,6275
44,2012,6517
44,2013,6847
44,2014,7101
44,2015,7297
44,2016,7392
44,2017,7584
44,2018,7960
44,2019,8152
45,1990,6962
45,1991,6792
45,1992,6742
45,1993,6725
45,1994,6689
45,1995,6772
45,1996,6955
45,1997,7179
45,1998,7205
45,1999,7215
45,2000,7048
45,2001,6976
45,2002,7047
45,2003,7171
45,2004,6939
45,2005,7104
45,2006,7061
45,2007,7324
45,2008,7466
45,2009,7295
45,2010,7399
45,2011,7336
45,2012,7352
45,2013,7202
45,2014,7326
45,2015,7704
45,2016,7321
45,2017,7454
45,2018,7527
45,2019,7660
46,1990,6927
46,1991,6928
46,1992,7114
46,1993,7272
46,1994,7313
46,1995,7345
46,1996,7320
46,1997,7191
46,1998,7222
46,1999,7180
46,2000,7026
46,2001,7175
46,2002,7009
46,2003,7430
46,2004,7806
46,2005,8239
46,2006,8086
46,2007,8345
46,2008,8691
46,2009,8934
46,2010,9252
46,2011,8967
46,2012,9425
46,2013,9787
46,2014,10182
46,2015,10772
46,2016,11024
46,2017,11691
46,2018,12011
46,2019,11920
47,1990,500
47,1991,530
47,1992,559
47,1993,579
47,1994,587
47,1995,601
47,1996,608
47,1997,621
47,1998,640
47,1999,653
47,2000,651
47,2001,648
47,2002,656
47,2003,663
47,2004,677
47,2005,695
47,2006,715
47,2007,725
47,2008,711
47,2009,698
47,2010,690
47,2011,681
47,2012,678
47,2013,686
47,2014,702
47,2015,717
47,2016,721
47,2017,738
47,2018,767
47,2019,802
48,1990,18237
48,1991,17643
48,1992,17371
48,1993,16870
48,1994,16777
48,1995,17009
48,1996,16514
48,1997,16747
48,1998,16301
48,1999,16297
48,2000,16396
48,2001,16431
48,2002,16115
48,2003,16414
48,2004,15810
48,2005,15729
48,2006,15238
48,2007,15211
48,2008,15329
48,2009,15358
48,2010,15486
48,2011,15758
48,2012,15921
48,2013,16120
48,2014,15991
48,2015,16419
48,2016,16576
48,2017,16848
48,2018,17324
48,2019,17453
49,1990,11154
49,1991,11513
49,1992,11760
49,1993,11884
49,1994,12115
49,1995,12411
49,1996,12819
49,1997,12412
49,1998,12294
49,1999,12096
49,2000,11989
49,2001,11916
49,2002,11654
49,2003,11699
49,2004,11504
49,2005,11350
49,2006,11388
49,2007,11413
49,2008,11569
49,2009,11679
49,2010,11827
49,2011,12321
49,2012,13067
49,2013,13888
49,2014,14833
49,2015,15696
49,2016,16735
49,2017,17935
49,2018,19373
49,2019,20750
50,1990,4488
50,1991,4461
50,1992,4511
50,1993,4557
50,1994,4577
50,1995,4551
50,1996,4448
50,1997,4358
50,1998,4258
50,1999,4327
50,2000,4213
50,2001,4258
50,2002,4273
50,2003,4199
50,2004,4107
50,2005,4009
50,2006,4006
50,2007,3995
50,2008,3925
50,2009,3915
50,2010,3873
50,2011,3792
50,2012,3766
50,2013,3753
50,2014,3730
50,2015,3759
50,2016,3856
50,2017,3947
50,2018,4035
50,2019,4128
51,1990,36
51,1991,37
51,1992,40
51,1993,43
51,1994,45
51,1995,49
51,1996,53
51,1997,57
51,1998,63
51,1999,68
51,2000,73
51,2001,80
51,2002,90
51,2003,99
51,2004,115
51,2005,126
51,2006,136
51,2007,148
51,2008,161
51,2009,172
51,2010,187
51,2011,203
51,2012,220
51,2013,238
51,2014,251
51,2015,271
51,2016,288
51,2017,311
51,2018,336
51,2019,360
52,1990,82
52,1991,86
52,1992,85
52,1993,86
52,1994,88
52,1995,90
52,1996,91
52,1997,91
52,1998,91
52,1999,94
52,2000,95
52,2001,96
52,2002,98
52,2003,100
52,2004,99
52,2005,98
52,2006,99
52,2007,100
52,2008,100
52,2009,101
52,2010,102
52,2011,104
52,2012,106
52,2013,108
52,2014,110
52,2015,111
52,2016,112
52,2017,113
52,2018,114
52,2019,115
53,1990,1790
53,1991,1800
53,1992,1814
53,1993,1894
53,1994,1920
53,1995,1993
53,1996,2139
53,1997,2303
53,1998,2439
53,1999,2542
53,2000,2607
53,2001,2766
53,2002,3031
53,2003,3450
53,2004,3942
53,2005,4346
53,2006,4706
53,2007,4978
53,2008,5219
53,2009,5462
53,2010,5664
53,2011,5921
53,2012,6472
53,2013,7155
53,2014,7750
53,2015,8301
53,2016,8681
53,2017,8831
53,2018,8968
53,2019,9134
54,1990,52
54,1991,53
54,1992,54
54,1993,55
54,1994,56
54,1995,57
54,1996,58
54,1997,57
54,1998,59
54,1999,60
54,2000,64
54,2001,67
54,2002,71
54,2003,77
54,2004,80
54,2005,87
54,2006,91
54,2007,99
54,2008,106
54,2009,119
54,2010,133
54,2011,151
54,2012,169
54,2013,187
54,2014,204
54,2015,220
54,2016,231
54,2017,241
54,2018,251
54,2019,259
55,1990,3906
55,1991,4383
55,1992,4528
55,1993,4607
55,1994,4759
55,1995,4816
55,1996,5135
55,1997,5065
55,1998,5378
55,1999,5614
55,2000,5849
55,2001,5873
55,2002,6864
55,2003,7496
55,2004,7886
55,2005,8482
55,2006,8852
55,2007,9121
55,2008,9412
55,2009,9631
55,2010,9916
55,2011,10009
55,2012,10710
55,2013,11103
55,2014,11388
55,2015,11631
55,2016,12232
55,2017,12727
55,2018,13153
55,2019,13454
56,1990,48450
56,1991,49813
56,1992,50570
56,1993,53546
56,1994,55980
56,1995,56447
56,1996,58880
56,1997,61788
56,1998,63612
56,1999,65015
56,2000,64301
56,2001,69369
56,2002,73350
56,2003,77417
56,2004,78901
56,2005,80128
56,2006,82936
56,2007,84281
56,2008,88004
56,2009,92473
56,2010,96204
56,2011,98193
56,2012,103678
56,2013,104206
56,2014,109045
56,2015,117102
56,2016,121350
56,2017,123318
56,2018,126864
56,2019,130342
57,1990,1682
57,1991,1733
57,1992,1866
57,1993,1983
57,1994,2096
57,1995,2074
57,1996,2152
57,1997,2313
57,1998,2577
57,1999,2580
57,2000,2699
57,2001,2823
57,2002,2874
57,2003,3119
57,2004,3399
57,2005,3563
57,2006,3691
57,2007,3756
57,2008,3758
57,2009,4061
57,2010,3938
57,2011,4171
57,2012,4051
57,2013,4358
57,2014,4781
57,2015,4876
57,2016,4935
57,2017,5028
57,2018,5118
57,2019,5260
58,1990,52247
58,1991,51932
58,1992,51460
58,1993,51413
58,1994,50151
58,1995,50060
58,1996,49384
58,1997,48709
58,1998,48573
58,1999,48245
58,2000,46907
58,2001,45937
58,2002,45762
58,2003,45257
58,2004,43674
58,2005,42776
58,2006,42074
58,2007,41585
58,2008,41406
58,2009,40645
58,2010,40560
58,2011,40517
58,2012,41079
58,2013,41695
58,2014,41846
58,2015,42578
58,2016,42821
58,2017,43198
58,2018,44500
58,2019,45390
59,1990,77
59,1991,78
59,1992,79
59,1993,82
59,1994,86
59,1995,91
59,1996,99
59,1997,104
59,1998,114
59,1999,126
59,2000,137
59,2001,149
59,2002,165
59,2003,188
59,2004,212
59,2005,231
59,2006,250
59,2007,266
59,2008,284
59,2009,303
59,2010,322
59,2011,347
59,2012,365
59,2013,376
59,2014,391
59,2015,415
59,2016,444
59,2017,466
59,2018,489
59,2019,506
60,1990,310
60,1991,313
60,1992,332
60,1993,358
60,1994,393
60,1995,438
60,1996,469
60,1997,512
60,1998,551
60,1999,599
60,2000,646
60,2001,690
60,2002,766
60,2003,824
60,2004,876
60,2005,916
60,2006,948
60,2007,975
60,2008,1004
60,2009,1029
60,2010,1059
60,2011,1102
60,2012,1165
60,2013,1233
60,2014,1299
60,2015,1371
60,2016,1436
60,2017,1508
60,2018,1593
60,2019,1686
61,1990,2389
61,1991,2474
61,1992,2443
61,1993,2641
61,1994,2847
61,1995,2687
61,1996,2403
61,1997,2421
61,1998,2579
61,1999,2498
61,2000,2531
61,2001,2641
61,2002,2607
61,2003,2608
61,2004,2618
61,2005,2632
61,2006,2670
61,2007,2771
61,2008,2718
61,2009,2715
61,2010,2630
61,2011,2740
61,2012,2800
61,2013,2818
61,2014,2903
61,2015,2895
61,2016,3016
61,2017,3013
61,2018,3025
61,2019,3026
62,1990,460
62,1991,483
62,1992,499
62,1993,513
62,1994,541
62,1995,584
62,1996,630
62,1997,665
62,1998,727
62,1999,798
62,2000,900
62,2001,987
62,2002,1077
62,2003,1144
62,2004,1191
62,2005,1223
62,2006,1215
62,2007,1214
62,2008,1219
62,2009,1222
62,2010,1209
62,2011,1188
62,2012,1189
62,2013,1190
62,2014,1191
62,2015,1194
62,2016,1204
62,2017,1220
62,2018,1246
62,2019,1280
63,1990,6128
63,1991,6193
63,1992,6336
63,1993,6426
63,1994,6508
63,1995,6547
63,1996,6547
63,1997,6604
63,1998,6667
63,1999,6699
63,2000,6617
63,2001,6566
63,2002,6610
63,2003,6740
63,2004,6918
63,2005,7062
63,2006,7252
63,2007,7458
63,2008,7722
63,2009,8063
63,2010,8384
63,2011,8857
63,2012,9389
63,2013,9947
63,2014,10595
63,2015,11278
63,2016,12082
63,2017,12966
63,2018,13935
63,2019,14961
64,1990,917
64,1991,973
64,1992,1031
64,1993,1098
64,1994,1167
64,1995,1243
64,1996,1319
64,1997,1386
64,1998,1396
64,1999,1533
64,2000,1634
64,2001,1624
64,2002,1647
64,2003,1743
64,2004,1738
64,2005,1824
64,2006,1879
64,2007,1944
64,2008,1996
64,2009,1963
64,2010,1988
64,2011,2027
64,2012,2063
64,2013,2094
64,2014,2132
64,2015,2170
64,2016,2211
64,2017,2256
64,2018,2304
64,2019,2352
65,1990,4791
65,1991,4742
65,1992,4753
65,1993,4725
65,1994,4571
65,1995,4604
65,1996,4585
65,1997,4602
65,1998,4585
65,1999,4575
65,2000,4580
65,2001,4558
65,2002,4609
65,2003,4625
65,2004,4622
65,2005,4628
65,2006,4623
65,2007,4682
65,2008,4714
65,2009,4760
65,2010,4838
65,2011,4880
65,2012,4963
65,2013,5052
65,2014,5121
65,2015,5189
65,2016,5299
65,2017,5387
65,2018,5476
65,2019,5581
66,1990,32394
66,1991,32369
66,1992,32405
66,1993,32775
66,1994,32830
66,1995,33440
66,1996,34215
66,1997,34709
66,1998,35974
66,1999,36844
66,2000,37192
66,2001,37729
66,2002,38425
66,2003,38899
66,2004,37983
66,2005,38315
66,2006,38398
66,2007,38629
66,2008,39264
66,2009,39771
66,2010,40000
66,2011,40349
66,2012,41084
66,2013,41445
66,2014,41545
66,2015,43008
66,2016,43224
66,2017,44487
66,2018,45575
66,2019,46898
67,1990,453
67,1991,475
67,1992,499
67,1993,524
67,1994,561
67,1995,602
67,1996,642
67,1997,670
67,1998,704
67,1999,737
67,2000,777
67,2001,819
67,2002,838
67,2003,881
67,2004,911
67,2005,920
67,2006,949
67,2007,966
67,2008,999
67,2009,1006
67,2010,1004
67,2011,1033
67,2012,1052
67,2013,1069
67,2014,1101
67,2015,1142
67,2016,1184
67,2017,1228
67,2018,1269
67,2019,1309
68,1990,151
68,1991,162
68,1992,177
68,1993,183
68,1994,194
68,1995,223
68,1996,224
68,1997,241
68,1998,270
68,1999,306
68,2000,307
68,2001,321
68,2002,344
68,2003,375
68,2004,426
68,2005,457
68,2006,474
68,2007,502
68,2008,510
68,2009,546
68,2010,564
68,2011,543
68,2012,568
68,2013,602
68,2014,671
68,2015,678
68,2016,738
68,2017,801
68,2018,824
68,2019,855
69,1990,9466
69,1991,9701
69,1992,9904
69,1993,9647
69,1994,9789
69,1995,8968
69,1996,8518
69,1997,8704
69,1998,8999
69,1999,9216
69,2000,9358
69,2001,9291
69,2002,9611
69,2003,9725
69,2004,9753
69,2005,9535
69,2006,9226
69,2007,8810
69,2008,8752
69,2009,8905
69,2010,8956
69,2011,8939
69,2012,8843
69,2013,8598
69,2014,8458
69,2015,8408
69,2016,8659
69,2017,8680
69,2018,8633
69,2019,8568
70,1990,99982
70,1991,98958
70,1992,97144
70,1993,97069
70,1994,96570
70,1995,96309
70,1996,95659
70,1997,94097
70,1998,92838
70,1999,92468
70,2000,91657
70,2001,90991
70,2002,91729
70,2003,92043
70,2004,90699
70,2005,90621
70,2006,90150
70,2007,90286
70,2008,90623
70,2009,91618
70,2010,92357
70,2011,92576
70,2012,94279
70,2013,96751
70,2014,97495
70,2015,101534
70,2016,102516
70,2017,102618
70,2018,103933
70,2019,106143
71,1990,2747
71,1991,2974
71,1992,3228
71,1993,3458
71,1994,3726
71,1995,4029
71,1996,4408
71,1997,4874
71,1998,5279
71,1999,5744
71,2000,6220
71,2001,6791
71,2002,7328
71,2003,7857
71,2004,8406
71,2005,9019
71,2006,9673
71,2007,10427
71,2008,10937
71,2009,11563
71,2010,12179
71,2011,12728
71,2012,13210
71,2013,13728
71,2014,14340
71,2015,15113
71,2016,15961
71,2017,16728
71,2018,17183
71,2019,17781
72,1990,9281
72,1991,9474
72,1992,9717
72,1993,9761
72,1994,9906
72,1995,10084
72,1996,10250
72,1997,10312
72,1998,10520
72,1999,10714
72,2000,10793
72,2001,10851
72,2002,10933
72,2003,11047
72,2004,11066
72,2005,11028
72,2006,11059
72,2007,11422
72,2008,11283
72,2009,11365
72,2010,11381
72,2011,11627
72,2012,11882
72,2013,11727
72,2014,11674
72,2015,11909
72,2016,12065
72,2017,12282
72,2018,12784
72,2019,13080
73,1990,36
73,1991,37
73,1992,37
73,1993,39
73,1994,40
73,1995,40
73,1996,41
73,1997,42
73,1998,42
73,1999,43
73,2000,43
73,2001,43
73,2002,44
73,2003,44
73,2004,42
73,2005,42
73,2006,43
73,2007,43
73,2008,44
73,2009,44
73,2010,45
73,2011,45
73,2012,46
73,2013,46
73,2014,46
73,2015,46
73,2016,47
73,2017,48
73,2018,49
73,2019,50
74,1990,64
74,1991,65
74,1992,67
74,1993,70
74,1994,70
74,1995,71
74,1996,70
74,1997,70
74,1998,71
74,1999,73
74,2000,75
74,2001,77
74,2002,80
74,2003,83
74,2004,85
74,2005,87
74,2006,89
74,2007,92
74,2008,96
74,2009,99
74,2010,102
74,2011,105
74,2012,106
74,2013,109
74,2014,111
74,2015,114
74,2016,119
74,2017,121
74,2018,124
74,2019,126
75,1990,93
75,1991,98
75,1992,102
75,1993,104
75,1994,106
75,1995,105
75,1996,105
75,1997,108
75,1998,112
75,1999,116
75,2000,122
75,2001,127
75,2002,132
75,2003,134
75,2004,135
75,2005,133
75,2006,138
75,2007,141
75,2008,147
75,2009,154
75,2010,158
75,2011,161
75,2012,169
75,2013,179
75,2014,188
75,2015,195
75,2016,201
75,2017,206
75,2018,211
75,2019,220
76,1990,1404
76,1991,1604
76,1992,1790
76,1993,1956
76,1994,2066
76,1995,1982
76,1996,2011
76,1997,2205
76,1998,2395
76,1999,2481
76,2000,2643
76,2001,2789
76,2002,2952
76,2003,3186
76,2004,3463
76,2005,3712
76,2006,3974
76,2007,4197
76,2008,4447
76,2009,4863
76,2010,5310
76,2011,5701
76,2012,6061
76,2013,6441
76,2014,6834
76,2015,7214
76,2016,7534
76,2017,7689
76,2018,7892
76,2019,8174
77,1990,1436
77,1991,1500
77,1992,1570
77,1993,1642
77,1994,1728
77,1995,1800
77,1996,1875
77,1997,1960
77,1998,2063
77,1999,2159
77,2000,2237
77,2001,2326
77,2002,2412
77,2003,2475
77,2004,2553
77,2005,2633
77,2006,2737
77,2007,2830
77,2008,2908
77,2009,3011
77,2010,3106
77,2011,3183
77,2012,3270
77,2013,3357
77,2014,3473
77,2015,3576
77,2016,3668
77,2017,3751
77,2018,3848
77,2019,3910
78,1990,217
78,1991,226
78,1992,236
78,1993,246
78,1994,256
78,1995,266
78,1996,278
78,1997,290
78,1998,305
78,1999,318
78,2000,329
78,2001,340
78,2002,354
78,2003,368
78,2004,385
78,2005,395
78,2006,410
78,2007,425
78,2008,439
78,2009,455
78,2010,467
78,2011,480
78,2012,495
78,2013,509
78,2014,526
78,2015,546
78,2016,565
78,2017,583
78,2018,598
78,2019,619
79,1990,641
79,1991,619
79,1992,603
79,1993,640
79,1994,632
79,1995,650
79,1996,679
79,1997,686
79,1998,694
79,1999,689
79,2000,750
79,2001,760
79,2002,790
79,2003,804
79,2004,822
79,2005,830
79,2006,828
79,2007,852
79,2008,870
79,2009,865
79,2010,897
79,2011,917
79,2012,945
79,2013,955
79,2014,993
79,2015,1014
79,2016,1038
79,2017,1069
79,2018,1103
79,2019,1129
80,1990,2518
80,1991,2490
80,1992,2513
80,1993,2541
80,1994,2562
80,1995,2574
80,1996,2576
80,1997,2634
80,1998,2655
80,1999,2758
80,2000,2858
80,2001,2982
80,2002,3097
80,2003,3248
80,2004,3407
80,2005,3558
80,2006,3681
80,2007,3813
80,2008,3930
80,2009,4052
80,2010,4127
80,2011,4275
80,2012,4443
80,2013,4611
80,2014,4784
80,2015,4959
80,2016,5108
80,2017,5251
80,2018,5418
80,2019,5592
81,1990,980
81,1991,1013
81,1992,1135
81,1993,1182
81,1994,1244
81,1995,1452
81,1996,1609
81,1997,1722
81,1998,1839
81,1999,1967
81,2000,2092
81,2001,2233
81,2002,2395
81,2003,2564
81,2004,2729
81,2005,2852
81,2006,2968
81,2007,3090
81,2008,3248
81,2009,3437
81,2010,3674
81,2011,4015
81,2012,4432
81,2013,4596
81,2014,4751
81,2015,4903
81,2016,5071
81,2017,5244
81,2018,5428
81,2019,5622
82,1990,21226
82,1991,21113
82,1992,21851
82,1993,21996
82,1994,21491
82,1995,21285
82,1996,20412
82,1997,20499
82,1998,20940
82,1999,21091
82,2000,20054
82,2001,19464
82,2002,19637
82,2003,19919
82,2004,19770
82,2005,20286
82,2006,19892
82,2007,20120
82,2008,19623
82,2009,19831
82,2010,19705
82,2011,19653
82,2012,19595
82,2013,19248
82,2014,19464
82,2015,20110
82,2016,19831
82,2017,20369
82,2018,20749
82,2019,20490
83,1990,168
83,1991,168
83,1992,169
83,1993,168
83,1994,169
83,1995,170
83,1996,169
83,1997,168
83,1998,166
83,1999,162
83,2000,158
83,2001,159
83,2002,161
83,2003,160
83,2004,160
83,2005,161
83,2006,165
83,2007,167
83,2008,167
83,2009,169
83,2010,171
83,2011,173
83,2012,177
83,2013,179
83,2014,177
83,2015,182
83,2016,186
83,2017,191
83,2018,197
83,2019,204
84,1990,109108
84,1991,115471
84,1992,122258
84,1993,127074
84,1994,133524
84,1995,138710
84,1996,150158
84,1997,168297
84,1998,180278
84,1999,188282
84,2000,199801
84,2001,214756
84,2002,230941
84,2003,242659
84,2004,246267
84,2005,263548
84,2006,283314
84,2007,302018
84,2008,318518
84,2009,324096
84,2010,340185
84,2011,366327
84,2012,394472
84,2013,420136
84,2014,439643
84,2015,470586
84,2016,497483
84,2017,519356
84,2018,548616
84,2019,579108
85,1990,32269
85,1991,33793
85,1992,35527
85,1993,37493
85,1994,39408
85,1995,41467
85,1996,43732
85,1997,46309
85,1998,49162
85,1999,52208
85,2000,55832
85,2001,60008
85,2002,64902
85,2003,70197
85,2004,75743
85,2005,81368
85,2006,87189
85,2007,93739
85,2008,101403
85,2009,108909
85,2010,115831
85,2011,123076
85,2012,131330
85,2013,140045
85,2014,148373
85,2015,157049
85,2016,164324
85,2017,171739
85,2018,178956
85,2019,186657
86,1990,21127
86,1991,21871
86,1992,22703
86,1993,23529
86,1994,24489
86,1995,25449
86,1996,26419
86,1997,27563
86,1998,28742
86,1999,30021
86,2000,31269
86,2001,32630
86,2002,34391
86,2003,36024
86,2004,37397
86,2005,38426
86,2006,39285
86,2007,39846
86,2008,40540
86,2009,41511
86,2010,42529
86,2011,43655
86,2012,45168
86,2013,47408
86,2014,49862
86,2015,52661
86,2016,54805
86,2017,56881
86,2018,58839
86,2019,61415
87,1990,14813
87,1991,15289
87,1992,15965
87,1993,16548
87,1994,16939
87,1995,17570
87,1996,18167
87,1997,18699
87,1998,19073
87,1999,19397
87,2000,19728
87,2001,20092
87,2002,20634
87,2003,21501
87,2004,22094
87,2005,22589
87,2006,23034
87,2007,23910
87,2008,24816
87,2009,25529
87,2010,26207
87,2011,26939
87,2012,27632
87,2013,28355
87,2014,29287
87,2015,30389
87,2016,31442
87,2017,32619
87,2018,34452
87,2019,36481
88,1990,2907
88,1991,2894
88,1992,2899
88,1993,2922
88,1994,2892
88,1995,2926
88,1996,2895
88,1997,2876
88,1998,2864
88,1999,2871
88,2000,2812
88,2001,2704
88,2002,2656
88,2003,2603
88,2004,2580
88,2005,2543
88,2006,2554
88,2007,2530
88,2008,2530
88,2009,2544
88,2010,2473
88,2011,2564
88,2012,2602
88,2013,2629
88,2014,2636
88,2015,2697
88,2016,2734
88,2017,2804
88,2018,2888
88,2019,2977
89,1990,3188
89,1991,3397
89,1992,3581
89,1993,3604
89,1994,3693
89,1995,3815
89,1996,3874
89,1997,3972
89,1998,4086
89,1999,4118
89,2000,4160
89,2001,4158
89,2002,4202
89,2003,4225
89,2004,4193
89,2005,4219
89,2006,4172
89,2007,4189
89,2008,4096
89,2009,4042
89,2010,4050
89,2011,4160
89,2012,4201
89,2013,4268
89,2014,4325
89,2015,4480
89,2016,4546
89,2017,4703
89,2018,4933
89,2019,5134
90,1990,46492
90,1991,47382
90,1992,47467
90,1993,47810
90,1994,48351
90,1995,48693
90,1996,49277
90,1997,49970
90,1998,51293
90,1999,51543
90,2000,51485
90,2001,51694
90,2002,52386
90,2003,53493
90,2004,52346
90,2005,52852
90,2006,53327
90,2007,54133
90,2008,54973
90,2009,55631
90,2010,55811
90,2011,56959
90,2012,57935
90,2013,57906
90,2014,58303
90,2015,60581
90,2016,60202
90,2017,61201
90,2018,62896
90,2019,64136
91,1990,1534
91,1991,1460
91,1992,1552
91,1993,1664
91,1994,1738
91,1995,1788
91,1996,1809
91,1997,1871
91,1998,1912
91,1999,2017
91,2000,2099
91,2001,2157
91,2002,2138
91,2003,2135
91,2004,2142
91,2005,2090
91,2006,2122
91,2007,2397
91,2008,2655
91,2009,2824
91,2010,2598
91,2011,2801
91,2012,2684
91,2013,2747
91,2014,3051
91,2015,3149
91,2016,3193
91,2017,3253
91,2018,3323
91,2019,3434
92,1990,33713
92,1991,34424
92,1992,35346
92,1993,36069
92,1994,36300
92,1995,37313
92,1996,37285
92,1997,37600
92,1998,38695
92,1999,39594
92,2000,39468
92,2001,39622
92,2002,40068
92,2003,40960
92,2004,41604
92,2005,42729
92,2006,43022
92,2007,43552
92,2008,44057
92,2009,44415
92,2010,45389
92,2011,46348
92,2012,46611
92,2013,46834
92,2014,46962
92,2015,47299
92,2016,48068
92,2017,48754
92,2018,50221
92,2019,51822
93,1990,2117
93,1991,2200
93,1992,2255
93,1993,2433
93,1994,2536
93,1995,2667
93,1996,2803
93,1997,2873
93,1998,2954
93,1999,3037
93,2000,3073
93,2001,3207
93,2002,3316
93,2003,3328
93,2004,3513
93,2005,3748
93,2006,3917
93,2007,3844
93,2008,3800
93,2009,3911
93,2010,4088
93,2011,4324
93,2012,4556
93,2013,4795
93,2014,5149
93,2015,5496
93,2016,5951
93,2017,6435
93,2018,6990
93,2019,7548
94,1990,16533
94,1991,17773
94,1992,19297
94,1993,21661
94,1994,23527
94,1995,25042
94,1996,25360
94,1997,25029
94,1998,24483
94,1999,24215
94,2000,24442
94,2001,24797
94,2002,25308
94,2003,25996
94,2004,25891
94,2005,26079
94,2006,25973
94,2007,25594
94,2008,24578
94,2009,23635
94,2010,23639
94,2011,23364
94,2012,23104
94,2013,22606
94,2014,22223
94,2015,22117
94,2016,22165
94,2017,21945
94,2018,22516
94,2019,22828
95,1990,2864
95,1991,3001
95,1992,3154
95,1993,3300
95,1994,3450
95,1995,3593
95,1996,3768
95,1997,3987
95,1998,4239
95,1999,4473
95,2000,4799
95,2001,5127
95,2002,5564
95,2003,5995
95,2004,6446
95,2005,6847
95,2006,7291
95,2007,7805
95,2008,8363
95,2009,8960
95,2010,9530
95,2011,10138
95,2012,10716
95,2013,11261
95,2014,11844
95,2015,12422
95,2016,12995
95,2017,13590
95,2018,14286
95,2019,15025
96,1990,119
96,1991,125
96,1992,130
96,1993,135
96,1994,138
96,1995,141
96,1996,146
96,1997,152
96,1998,158
96,1999,164
96,2000,170
96,2001,175
96,2002,181
96,2003,186
96,2004,192
96,2005,197
96,2006,198
96,2007,198
96,2008,198
96,2009,197
96,2010,197
96,2011,198
96,2012,200
96,2013,201
96,2014,203
96,2015,206
96,2016,212
96,2017,218
96,2018,224
96,2019,229
97,1990,732
97,1991,658
97,1992,608
97,1993,636
97,1994,694
97,1995,757
97,1996,773
97,1997,898
97,1998,914
97,1999,1049
97,2000,1080
97,2001,1025
97,2002,1131
97,2003,1151
97,2004,1205
97,2005,1274
97,2006,1346
97,2007,1393
97,2008,1606
97,2009,1570
97,2010,1453
97,2011,1430
97,2012,1516
97,2013,1556
97,2014,1597
97,2015,1719
97,2016,1857
97,2017,2000
97,2018,2155
97,2019,2317
98,1990,2853
98,1991,3026
98,1992,3190
98,1993,3536
98,1994,3888
98,1995,3981
98,1996,3837
98,1997,3757
98,1998,3755
98,1999,3717
98,2000,3933
98,2001,3993
98,2002,4088
98,2003,4206
98,2004,4159
98,2005,4230
98,2006,4375
98,2007,4365
98,2008,4290
98,2009,4114
98,2010,4083
98,2011,4126
98,2012,4130
98,2013,4105
98,2014,4126
98,2015,4226
98,2016,4146
98,2017,4269
98,2018,4340
98,2019,4479
99,1990,763
99,1991,790
99,1992,823
99,1993,860
99,1994,899
99,1995,942
99,1996,985
99,1997,1034
99,1998,1090
99,1999,1152
99,2000,1219
99,2001,1312
99,2002,1394
99,2003,1494
99,2004,1595
99,2005,1705
99,2006,1812
99,2007,1919
99,2008,2033
99,2009,2141
99,2010,2242
99,2011,2341
99,2012,2455
99,2013,2590
99,2014,2734
99,2015,2883
99,2016,3033
99,2017,3184
99,2018,3351
99,2019,3529
100,1990,4342
100,1991,4434
100,1992,4648
100,1993,5296
100,1994,5798
100,1995,5472
100,1996,4773
100,1997,4639
100,1998,4851
100,1999,4619
100,2000,4506
100,2001,4770
100,2002,4744
100,2003,4767
100,2004,4757
100,2005,4954
100,2006,5238
100,2007,5179
100,2008,4876
100,2009,4735
100,2010,4709
100,2011,4611
100,2012,4548
100,2013,4629
100,2014,4507
100,2015,4426
100,2016,4326
100,2017,4327
100,2018,4353
100,2019,4366
101,1990,2722
101,1991,2771
101,1992,2841
101,1993,2911
101,1994,2943
101,1995,2978
101,1996,3026
101,1997,3089
101,1998,3146
101,1999,3186
101,2000,3251
101,2001,3336
101,2002,3433
101,2003,3558
101,2004,3700
101,2005,3857
101,2006,4033
101,2007,4220
101,2008,4405
101,2009,4573
101,2010,4730
101,2011,4949
101,2012,5160
101,2013,5366
101,2014,5553
101,2015,5706
101,2016,5833
101,2017,5945
101,2018,6054
101,2019,6165
102,1990,675
102,1991,693
102,1992,717
102,1993,742
102,1994,772
102,1995,796
102,1996,818
102,1997,850
102,1998,937
102,1999,1029
102,2000,1166
102,2001,1239
102,2002,1343
102,2003,1474
102,2004,1566
102,2005,1645
102,2006,1689
102,2007,1738
102,2008,1802
102,2009,1831
102,2010,1895
102,2011,1946
102,2012,2042
102,2013,2134
102,2014,2207
102,2015,2252
102,2016,2253
102,2017,2248
102,2018,2277
102,2019,2328
103,1990,715
103,1991,717
103,1992,708
103,1993,695
103,1994,689
103,1995,677
103,1996,690
103,1997,671
103,1998,660
103,1999,643
103,2000,639
103,2001,646
103,2002,673
103,2003,715
103,2004,766
103,2005,818
103,2006,885
103,2007,960
103,2008,1040
103,2009,1136
103,2010,1224
103,2011,1291
103,2012,1376
103,2013,1435
103,2014,1461
103,2015,1502
103,2016,1547
103,2017,1587
103,2018,1649
103,2019,1719
104,1990,1945
104,1991,2001
104,1992,2035
104,1993,2098
104,1994,2153
104,1995,2197
104,1996,2233
104,1997,2359
104,1998,2523
104,1999,2655
104,2000,2755
104,2001,2842
104,2002,2942
104,2003,2965
104,2004,2917
104,2005,3002
104,2006,3138
104,2007,3594
104,2008,3759
104,2009,4035
104,2010,4034
104,2011,4199
104,2012,4327
104,2013,4544
104,2014,4842
104,2015,5125
104,2016,5403
104,2017,5664
104,2018,5929
104,2019,6200
105,1990,4578
105,1991,4843
105,1992,4849
105,1993,5429
105,1994,5660
105,1995,5577
105,1996,5264
105,1997,5020
105,1998,5073
105,1999,4968
105,2000,4924
105,2001,5210
105,2002,5254
105,2003,5407
105,2004,5514
105,2005,5931
105,2006,6178
105,2007,6383
105,2008,6260
105,2009,5822
105,2010,5910
105,2011,5897
105,2012,5887
105,2013,5984
105,2014,5844
105,2015,6003
105,2016,6014
105,2017,5756
105,2018,5797
105,2019,5807
106,1990,345
106,1991,342
106,1992,338
106,1993,335
106,1994,329
106,1995,327
106,1996,328
106,1997,324
106,1998,323
106,1999,321
106,2000,322
106,2001,317
106,2002,316
106,2003,313
106,2004,315
106,2005,315
106,2006,315
106,2007,310
106,2008,307
106,2009,308
106,2010,312
106,2011,313
106,2012,316
106,2013,321
106,2014,322
106,2015,323
106,2016,321
106,2017,331
106,2018,342
106,2019,353
107,1990,2420
107,1991,2388
107,1992,2361
107,1993,2409
107,1994,2313
107,1995,2438
107,1996,2488
107,1997,2568
107,1998,2663
107,1999,2685
107,2000,2755
107,2001,2869
107,2002,3144
107,2003,3441
107,2004,3697
107,2005,3848
107,2006,3962
107,2007,4098
107,2008,4326
107,2009,4552
107,2010,4778
107,2011,5055
107,2012,5404
107,2013,5795
107,2014,6209
107,2015,6633
107,2016,7083
107,2017,7542
107,2018,8043
107,2019,8532
108,1990,1314
108,1991,1343
108,1992,1380
108,1993,1403
108,1994,1447
108,1995,1496
108,1996,1575
108,1997,1695
108,1998,1864
108,1999,2000
108,2000,2114
108,2001,2197
108,2002,2322
108,2003,2462
108,2004,2592
108,2005,2662
108,2006,2725
108,2007,2790
108,2008,2868
108,2009,2980
108,2010,3121
108,2011,3250
108,2012,3382
108,2013,3519
108,2014,3674
108,2015,3842
108,2016,4021
108,2017,4177
108,2018,4365
108,2019,4553
109,1990,5624
109,1991,5691
109,1992,5846
109,1993,6081
109,1994,6357
109,1995,6915
109,1996,7195
109,1997,7583
109,1998,7980
109,1999,9366
109,2000,9286
109,2001,9505
109,2002,9802
109,2003,10302
109,2004,10472
109,2005,10669
109,2006,10966
109,2007,11259
109,2008,11917
109,2009,12525
109,2010,12743
109,2011,13087
109,2012,13438
109,2013,13526
109,2014,14457
109,2015,15204
109,2016,16155
109,2017,16995
109,2018,17854
109,2019,19105
110,1990,31
110,1991,33
110,1992,35
110,1993,36
110,1994,36
110,1995,38
110,1996,40
110,1997,42
110,1998,42
110,1999,42
110,2000,44
110,2001,46
110,2002,45
110,2003,46
110,2004,46
110,2005,47
110,2006,49
110,2007,51
110,2008,54
110,2009,57
110,2010,60
110,2011,63
110,2012,67
110,2013,72
110,2014,76
110,2015,81
110,2016,87
110,2017,94
110,2018,102
110,2019,110
111,1990,1418
111,1991,1474
111,1992,1548
111,1993,1615
111,1994,1705
111,1995,1807
111,1996,1904
111,1997,1997
111,1998,2078
111,1999,2165
111,2000,2276
111,2001,2362
111,2002,2471
111,2003,2559
111,2004,2663
111,2005,2774
111,2006,2921
111,2007,3114
111,2008,3301
111,2009,3501
111,2010,3672
111,2011,3805
111,2012,3934
111,2013,4087
111,2014,4264
111,2015,4492
111,2016,4756
111,2017,4980
111,2018,5157
111,2019,5318
112,1990,251
112,1991,254
112,1992,257
112,1993,258
112,1994,260
112,1995,266
112,1996,274
112,1997,282
112,1998,286
112,1999,295
112,2000,302
112,2001,310
112,2002,317
112,2003,323
112,2004,323
112,2005,320
112,2006,319
112,2007,319
112,2008,321
112,2009,322
112,2010,321
112,2011,326
112,2012,330
112,2013,331
112,2014,335
112,2015,335
112,2016,344
112,2017,350
112,2018,358
112,2019,369
113,1990,23
113,1991,25
113,1992,27
113,1993,28
113,1994,29
113,1995,31
113,1996,32
113,1997,34
113,1998,36
113,1999,38
113,2000,40
113,2001,42
113,2002,45
113,2003,47
113,2004,49
113,2005,51
113,2006,53
113,2007,54
113,2008,55
113,2009,56
113,2010,57
113,2011,59
113,2012,60
113,2013,62
113,2014,64
113,2015,66
113,2016,68
113,2017,70
113,2018,72
113,2019,74
114,1990,860
114,1991,885
114,1992,916
114,1993,949
114,1994,950
114,1995,953
114,1996,975
114,1997,991
114,1998,1019
114,1999,1022
114,2000,1052
114,2001,1089
114,2002,1113
114,2003,1127
114,2004,1168
114,2005,1188
114,2006,1237
114,2007,1249
114,2008,1276
114,2009,1347
114,2010,1374
114,2011,1418
114,2012,1487
114,2013,1535
114,2014,1534
114,2015,1578
114,2016,1598
114,2017,1678
114,2018,1714
114,2019,1755
115,1990,764
115,1991,770
115,1992,816
115,1993,854
115,1994,878
115,1995,894
115,1996,920
115,1997,980
115,1998,977
115,1999,1024
115,2000,1067
115,2001,1113
115,2002,1181
115,2003,1257
115,2004,1303
115,2005,1413
115,2006,1482
115,2007,1519
115,2008,1624
115,2009,1701
115,2010,1733
115,2011,1748
115,2012,1807
115,2013,1811
115,2014,1889
115,2015,1934
115,2016,2008
115,2017,2089
115,2018,2172
115,2019,2236
116,1990,36595
116,1991,37651
116,1992,39327
116,1993,41303
116,1994,43027
116,1995,45334
116,1996,47026
116,1997,49380
116,1998,51683
116,1999,53567
116,2000,54848
116,2001,56933
116,2002,60585
116,2003,64088
116,2004,65733
116,2005,69596
116,2006,71027
116,2007,73253
116,2008,78807
116,2009,83556
116,2010,84838
116,2011,86712
116,2012,90462
116,2013,97413
116,2014,101863
116,2015,105163
116,2016,109867
116,2017,116552
116,2018,120130
116,2019,125591
117,1990,110
117,1991,114
117,1992,118
117,1993,122
117,1994,126
117,1995,129
117,1996,133
117,1997,138
117,1998,142
117,1999,146
117,2000,150
117,2001,154
117,2002,159
117,2003,164
117,2004,169
117,2005,172
117,2006,175
117,2007,177
117,2008,179
117,2009,182
117,2010,183
117,2011,186
117,2012,189
117,2013,192
117,2014,197
117,2015,201
117,2016,206
117,2017,210
117,2018,214
117,2019,218
118,1990,4782
118,1991,5259
118,1992,5143
118,1993,5530
118,1994,6344
118,1995,6628
118,1996,6336
118,1997,5833
118,1998,5577
118,1999,5713
118,2000,5808
118,2001,5781
118,2002,6013
118,2003,6218
118,2004,6177
118,2005,6520
118,2006,6449
118,2007,6527
118,2008,6539
118,2009,6666
118,2010,6961
118,2011,6357
118,2012,6483
118,2013,6434
118,2014,6855
118,2015,7244
118,2016,7206
118,2017,6902
118,2018,6871
118,2019,6769
119,1990,43
119,1991,43
119,1992,44
119,1993,44
119,1994,45
119,1995,46
119,1996,46
119,1997,46
119,1998,46
119,1999,46
119,2000,46
119,2001,45
119,2002,45
119,2003,46
119,2004,46
119,2005,46
119,2006,47
119,2007,47
119,2008,47
119,2009,48
119,2010,48
119,2011,49
119,2012,49
119,2013,49
119,2014,49
119,2015,50
119,2016,50
119,2017,50
119,2018,50
119,2019,50
120,1990,1453
120,1991,1527
120,1992,1590
120,1993,1651
120,1994,1705
120,1995,1818
120,1996,1901
120,1997,1947
120,1998,1983
120,1999,2044
120,2000,2109
120,2001,2189
120,2002,2223
120,2003,2265
120,2004,2304
120,2005,2356
120,2006,2404
120,2007,2425
120,2008,2469
120,2009,2588
120,2010,2696
120,2011,2772
120,2012,2805
120,2013,2835
120,2014,2872
120,2015,2967
120,2016,3121
120,2017,3262
120,2018,3414
120,2019,3587
121,1990,690
121,1991,675
121,1992,689
121,1993,735
121,1994,786
121,1995,817
121,1996,852
121,1997,899
121,1998,916
121,1999,925
121,2000,945
121,2001,978
121,2002,1010
121,2003,1043
121,2004,1070
121,2005,1097
121,2006,1111
121,2007,1121
121,2008,1125
121,2009,1136
121,2010,1139
121,2011,1147
121,2012,1149
121,2013,1170
121,2014,1195
121,2015,1217
121,2016,1226
121,2017,1236
121,2018,1226
121,2019,1218
122,1990,14146
122,1991,14778
122,1992,15686
122,1993,16516
122,1994,16987
122,1995,17585
122,1996,18086
122,1997,18753
122,1998,19263
122,1999,20066
122,2000,20240
122,2001,20769
122,2002,21324
122,2003,22368
122,2004,23232
122,2005,24180
122,2006,25226
122,2007,26402
122,2008,27385
122,2009,28372
122,2010,29332
122,2011,30352
122,2012,31584
122,2013,34270
122,2014,35438
122,2015,36605
122,2016,37838
122,2017,39167
122,2018,40564
122,2019,41920
123,1990,1463
123,1991,1469
123,1992,1499
123,1993,1544
123,1994,1580
123,1995,1618
123,1996,1679
123,1997,1775
123,1998,1882
123,1999,2007
123,2000,2150
123,2001,2254
123,2002,2431
123,2003,2627
123,2004,2876
123,2005,3151
123,2006,3414
123,2007,3711
123,2008,4055
123,2009,4396
123,2010,4791
123,2011,5196
123,2012,5619
123,2013,6018
123,2014,6380
123,2015,6681
123,2016,6969
123,2017,7246
123,2018,7506
123,2019,7744
124,1990,8378
124,1991,8609
124,1992,8840
124,1993,9092
124,1994,9343
124,1995,9596
124,1996,9881
124,1997,10215
124,1998,10606
124,1999,11041
124,2000,11532
124,2001,12171
124,2002,12954
124,2003,13865
124,2004,14874
124,2005,15677
124,2006,16665
124,2007,17581
124,2008,18530
124,2009,19587
124,2010,20433
124,2011,21454
124,2012,22364
124,2013,23687
124,2014,24907
124,2015,26198
124,2016,27502
124,2017,28765
124,2018,29988
124,2019,31197
125,1990,658
125,1991,679
125,1992,709
125,1993,738
125,1994,778
125,1995,820
125,1996,861
125,1997,916
125,1998,983
125,1999,1057
125,2000,1131
125,2001,1153
125,2002,1203
125,2003,1217
125,2004,1209
125,2005,1194
125,2006,1167
125,2007,1147
125,2008,1135
125,2009,1139
125,2010,1151
125,2011,1152
125,2012,1184
125,2013,1225
125,2014,1281
125,2015,1338
125,2016,1394
125,2017,1449
125,2018,1505
125,2019,1559
126,1990,12
126,1991,12
126,1992,13
126,1993,13
126,1994,13
126,1995,14
126,1996,14
126,1997,15
126,1998,15
126,1999,15
126,2000,16
126,2001,16
126,2002,16
126,2003,16
126,2004,16
126,2005,16
126,2006,16
126,2007,16
126,2008,15
126,2009,15
126,2010,15
126,2011,14
126,2012,14
126,2013,14
126,2014,14
126,2015,15
126,2016,15
126,2017,15
126,2018,15
126,2019,16
127,1990,1445
127,1991,1493
127,1992,1542
127,1993,1622
127,1994,1688
127,1995,1761
127,1996,1828
127,1997,1928
127,1998,2038
127,1999,2160
127,2000,2298
127,2001,2442
127,2002,2617
127,2003,2825
127,2004,3072
127,2005,3332
127,2006,3621
127,2007,3944
127,2008,4285
127,2009,4653
127,2010,5049
127,2011,5515
127,2012,5999
127,2013,6505
127,2014,6967
127,2015,7462
127,2016,7882
127,2017,8294
127,2018,8729
127,2019,9145
128,1990,10327
128,1991,10363
128,1992,10411
128,1993,10645
128,1994,10564
128,1995,10596
128,1996,10658
128,1997,10585
128,1998,10607
128,1999,10730
128,2000,10768
128,2001,10789
128,2002,10841
128,2003,10860
128,2004,10370
128,2005,10090
128,2006,9870
128,2007,9669
128,2008,9633
128,2009,9590
128,2010,9655
128,2011,9727
128,2012,9926
128,2013,10051
128,2014,10134
128,2015,10458
128,2016,10757
128,2017,11056
128,2018,11370
128,2019,11692
129,1990,2551
129,1991,2554
129,1992,2603
129,1993,2651
129,1994,2633
129,1995,2709
129,1996,2714
129,1997,2710
129,1998,2691
129,1999,2753
129,2000,2741
129,2001,2789
129,2002,2837
129,2003,2813
129,2004,2804
129,2005,2779
129,2006,2795
129,2007,2833
129,2008,2856
129,2009,2854
129,2010,2866
129,2011,2941
129,2012,2990
129,2013,3019
129,2014,3116
129,2015,3172
129,2016,3245
129,2017,3321
129,2018,3519
129,2019,3626
130,1990,780
130,1991,906
130,1992,943
130,1993,1022
130,1994,1078
130,1995,1387
130,1996,1507
130,1997,1514
130,1998,1552
130,1999,1638
130,2000,1701
130,2001,1843
130,2002,2013
130,2003,2152
130,2004,2289
130,2005,2470
130,2006,2397
130,2007,2618
130,2008,2780
130,2009,2881
130,2010,2941
130,2011,3116
130,2012,3265
130,2013,3425
130,2014,3620
130,2015,3674
130,2016,3917
130,2017,4027
130,2018,4197
130,2019,4342
131,1990,965
131,1991,988
131,1992,1036
131,1993,1085
131,1994,1124
131,1995,1185
131,1996,1215
131,1997,1290
131,1998,1362
131,1999,1440
131,2000,1533
131,2001,1625
131,2002,1708
131,2003,1799
131,2004,1849
131,2005,1938
131,2006,2001
131,2007,2081
131,2008,2119
131,2009,2196
131,2010,2293
131,2011,2406
131,2012,2521
131,2013,2643
131,2014,2800
131,2015,3011
131,2016,3204
131,2017,3390
131,2018,3552
131,2019,3665
132,1990,16540
132,1991,17404
132,1992,18303
132,1993,19189
132,1994,20051
132,1995,20751
132,1996,21589
132,1997,22481
132,1998,23425
132,1999,24369
132,2000,25197
132,2001,26055
132,2002,27011
132,2003,27844
132,2004,28584
132,2005,28855
132,2006,29204
132,2007,29648
132,2008,30088
132,2009,31173
132,2010,32438
132,2011,34093
132,2012,35875
132,2013,37578
132,2014,39205
132,2015,40922
132,2016,42641
132,2017,44419
132,2018,45923
132,2019,47586
133,1990,4
133,1991,4
133,1992,4
133,1993,4
133,1994,4
133,1995,4
133,1996,4
133,1997,4
133,1998,4
133,1999,5
133,2000,5
133,2001,5
133,2002,5
133,2003,5
133,2004,5
133,2005,5
133,2006,4
133,2007,4
133,2008,4
133,2009,4
133,2010,4
133,2011,4
133,2012,4
133,2013,4
133,2014,4
133,2015,4
133,2016,4
133,2017,4
133,2018,4
133,2019,5
134,1990,4010
134,1991,4166
134,1992,4331
134,1993,4507
134,1994,4689
134,1995,4828
134,1996,4960
134,1997,5120
134,1998,5268
134,1999,5418
134,2000,5567
134,2001,5723
134,2002,5875
134,2003,6052
134,2004,6264
134,2005,6456
134,2006,6649
134,2007,6834
134,2008,7003
134,2009,7159
134,2010,7292
134,2011,7433
134,2012,7556
134,2013,7678
134,2014,7791
134,2015,7901
134,2016,8010
134,2017,8135
134,2018,8261
134,2019,8400
135,1990,2576
135,1991,2610
135,1992,2799
135,1993,2896
135,1994,2952
135,1995,3039
135,1996,3139
135,1997,3254
135,1998,3384
135,1999,3435
135,2000,3498
135,2001,3610
135,2002,3758
135,2003,3815
135,2004,3810
135,2005,3910
135,2006,4043
135,2007,4160
135,2008,4084
135,2009,4117
135,2010,4132
135,2011,4111
135,2012,4214
135,2013,4170
135,2014,4289
135,2015,4428
135,2016,4486
135,2017,4554
135,2018,4607
135,2019,4676
136,1990,1500
136,1991,1486
136,1992,1466
136,1993,1509
136,1994,1484
136,1995,1498
136,1996,1458
136,1997,1454
136,1998,1450
136,1999,1464
136,2000,1419
136,2001,1374
136,2002,1393
136,2003,1371
136,2004,1365
136,2005,1344
136,2006,1343
136,2007,1340
136,2008,1324
136,2009,1307
136,2010,1314
136,2011,1295
136,2012,1323
136,2013,1332
136,2014,1329
136,2015,1360
136,2016,1381
136,2017,1423
136,2018,1491
136,2019,1534
137,1990,33
137,1991,35
137,1992,35
137,1993,35
137,1994,35
137,1995,36
137,1996,38
137,1997,41
137,1998,44
137,1999,48
137,2000,51
137,2001,54
137,2002,56
137,2003,56
137,2004,57
137,2005,60
137,2006,62
137,2007,64
137,2008,66
137,2009,68
137,2010,69
137,2011,70
137,2012,71
137,2013,72
137,2014,73
137,2015,75
137,2016,78
137,2017,80
137,2018,81
137,2019,82
138,1990,3335
138,1991,3271
138,1992,3257
138,1993,3240
138,1994,3186
138,1995,3131
138,1996,3074
138,1997,3042
138,1998,3038
138,1999,3002
138,2000,2949
138,2001,2907
138,2002,2878
138,2003,2789
138,2004,2717
138,2005,2676
138,2006,2675
138,2007,2691
138,2008,2675
138,2009,2656
138,2010,2645
138,2011,2695
138,2012,2689
138,2013,2693
138,2014,2648
138,2015,2638
138,2016,2668
138,2017,2655
138,2018,2733
138,2019,2781
139,1990,757
139,1991,818
139,1992,881
139,1993,939
139,1994,1001
139,1995,1066
139,1996,1140
139,1997,1207
139,1998,1261
139,1999,1304
139,2000,1359
139,2001,1421
139,2002,1500
139,2003,1539
139,2004,1537
139,2005,1612
139,2006,1752
139,2007,1853
139,2008,1922
139,2009,1945
139,2010,2038
139,2011,2184
139,2012,2283
139,2013,2278
139,2014,2278
139,2015,2363
139,2016,2441
139,2017,2493
139,2018,2426
139,2019,2417
140,1990,19593
140,1991,20630
140,1992,21970
140,1993,23451
140,1994,25192
140,1995,27224
140,1996,28989
140,1997,31069
140,1998,32960
140,1999,35214
140,2000,37852
140,2001,40892
140,2002,44373
140,2003,48146
140,2004,51716
140,2005,55082
140,2006,58182
140,2007,61090
140,2008,64410
140,2009,67629
140,2010,70669
140,2011,73353
140,2012,76526
140,2013,79904
140,2014,83309
140,2015,86572
140,2016,90186
140,2017,93810
140,2018,97337
140,2019,101135
141,1990,19
141,1991,20
141,1992,21
141,1993,22
141,1994,23
141,1995,24
141,1996,26
141,1997,27
141,1998,28
141,1999,30
141,2000,32
141,2001,33
141,2002,34
141,2003,35
141,2004,36
141,2005,37
141,2006,38
141,2007,37
141,2008,37
141,2009,37
141,2010,38
141,2011,38
141,2012,39
141,2013,40
141,2014,41
141,2015,42
141,2016,44
141,2017,45
141,2018,47
141,2019,49
142,1990,1039
142,1991,1088
142,1992,1130
142,1993,1173
142,1994,1212
142,1995,1250
142,1996,1291
142,1997,1325
142,1998,1357
142,1999,1386
142,2000,1420
142,2001,1452
142,2002,1486
142,2003,1508
142,2004,1537
142,2005,1558
142,2006,1598
142,2007,1626
142,2008,1673
142,2009,1729
142,2010,1810
142,2011,1890
142,2012,1893
142,2013,1975
142,2014,2170
142,2015,2345
142,2016,2462
142,2017,2554
142,2018,2663
142,2019,2816
143,1990,466
143,1991,488
143,1992,535
143,1993,578
143,1994,595
143,1995,637
143,1996,670
143,1997,746
143,1998,783
143,1999,803
143,2000,820
143,2001,865
143,2002,924
143,2003,991
143,2004,1038
143,2005,1099
143,2006,1165
143,2007,1201
143,2008,1285
143,2009,1367
143,2010,1436
143,2011,1533
143,2012,1627
143,2013,1730
143,2014,1822
143,2015,1897
143,2016,1989
143,2017,2087
143,2018,2171
143,2019,2264
144,1990,1396
144,1991,1473
144,1992,1556
144,1993,1625
144,1994,1695
144,1995,1774
144,1996,1864
144,1997,1963
144,1998,2078
144,1999,2191
144,2000,2289
144,2001,2406
144,2002,2548
144,2003,2692
144,2004,2846
144,2005,2999
144,2006,3102
144,2007,3190
144,2008,3235
144,2009,3279
144,2010,3414
144,2011,3564
144,2012,3687
144,2013,3788
144,2014,3932
144,2015,4130
144,2016,4296
144,2017,4522
144,2018,4777
144,2019,5008
145,1990,1361
145,1991,1346
145,1992,1478
145,1993,1580
145,1994,1663
145,1995,1757
145,1996,1860
145,1997,1877
145,1998,1978
145,1999,2116
145,2000,2208
145,2001,2251
145,2002,2356
145,2003,2532
145,2004,2751
145,2005,2867
145,2006,3009
145,2007,3041
145,2008,3150
145,2009,3365
145,2010,3506
145,2011,3556
145,2012,3636
145,2013,3839
145,2014,3865
145,2015,4035
145,2016,4386
145,2017,4524
145,2018,4660
145,2019,4820
146,1990,5652
146,1991,5401
146,1992,6008
146,1993,6231
146,1994,6479
146,1995,6801
146,1996,6600
146,1997,6776
146,1998,6967
146,1999,6799
146,2000,7145
146,2001,7117
146,2002,7358
146,2003,7745
146,2004,7773
146,2005,8025
146,2006,8195
146,2007,8299
146,2008,8842
146,2009,10460
146,2010,11220
146,2011,11581
146,2012,11888
146,2013,12184
146,2014,12235
146,2015,12434
146,2016,12871
146,2017,13371
146,2018,13863
146,2019,14355
147,1990,9479
147,1991,9700
147,1992,10383
147,1993,11160
147,1994,12016
147,1995,12911
147,1996,14207
147,1997,15530
147,1998,17393
147,1999,19478
147,2000,21945
147,2001,24354
147,2002,26708
147,2003,28324
147,2004,30197
147,2005,32372
147,2006,33963
147,2007,35048
147,2008,36850
147,2009,38648
147,2010,40177
147,2011,42349
147,2012,45692
147,2013,49425
147,2014,53346
147,2015,57352
147,2016,59555
147,2017,61433
147,2018,63201
147,2019,65200
148,1990,53396
148,1991,56092
148,1992,55338
148,1993,53876
148,1994,53937
148,1995,54638
148,1996,53880
148,1997,54105
148,1998,53324
148,1999,53882
148,2000,51697
148,2001,50661
148,2002,49745
148,2003,49487
148,2004,49850
148,2005,50032
148,2006,50549
148,2007,51218
148,2008,51336
148,2009,51603
148,2010,50685
148,2011,50868
148,2012,52017
148,2013,52175
148,2014,51633
148,2015,53494
148,2016,53724
148,2017,54846
148,2018,56265
148,2019,57514
149,1990,8234
149,1991,8627
149,1992,8778
149,1993,9094
149,1994,8995
149,1995,9238
149,1996,9458
149,1997,9490
149,1998,9611
149,1999,9752
149,2000,9714
149,2001,9779
149,2002,9884
149,2003,9938
149,2004,9620
149,2005,9517
149,2006,9312
149,2007,9311
149,2008,9269
149,2009,9252
149,2010,9212
149,2011,9158
149,2012,9167
149,2013,9159
149,2014,9155
149,2015,9220
149,2016,9426
149,2017,9653
149,2018,9845
149,2019,10091
150,1990,3400
150,1991,3482
150,1992,3599
150,1993,3771
150,1994,3817
150,1995,4058
150,1996,4159
150,1997,4050
150,1998,4376
150,1999,4277
150,2000,4325
150,2001,4516
150,2002,4393
150,2003,4537
150,2004,4701
150,2005,4779
150,2006,4740
150,2007,4838
150,2008,4910
150,2009,5083
150,2010,4950
150,2011,5303
150,2012,5093
150,2013,5310
150,2014,5295
150,2015,5130
150,2016,5427
150,2017,5580
150,2018,5739
150,2019,5829
151,1990,201
151,1991,215
151,1992,230
151,1993,243
151,1994,242
151,1995,249
151,1996,278
151,1997,300
151,1998,315
151,1999,325
151,2000,332
151,2001,345
151,2002,373
151,2003,398
151,2004,414
151,2005,446
151,2006,485
151,2007,522
151,2008,547
151,2009,580
151,2010,605
151,2011,624
151,2012,652
151,2013,690
151,2014,726
151,2015,743
151,2016,774
151,2017,818
151,2018,890
151,2019,963
152,1990,33681
152,1991,34586
152,1992,36847
152,1993,37803
152,1994,38875
152,1995,40903
152,1996,43082
152,1997,43441
152,1998,42256
152,1999,40753
152,2000,40014
152,2001,41426
152,2002,42743
152,2003,42869
152,2004,41783
152,2005,42166
152,2006,41536
152,2007,40958
152,2008,41541
152,2009,42093
152,2010,42076
152,2011,40160
152,2012,40558
152,2013,39182
152,2014,40429
152,2015,40426
152,2016,40574
152,2017,40954
152,2018,41521
152,2019,42107
153,1990,204462
153,1991,209893
153,1992,227929
153,1993,273989
153,1994,303996
153,1995,291707
153,1996,277204
153,1997,267440
153,1998,268465
153,1999,293978
153,2000,310183
153,2001,319925
153,2002,333512
153,2003,342375
153,2004,334191
153,2005,346760
153,2006,321828
153,2007,310485
153,2008,315266
153,2009,304840
153,2010,310306
153,2011,292943
153,2012,288836
153,2013,285036
153,2014,291231
153,2015,289883
153,2016,288233
153,2017,276722
153,2018,278385
153,2019,283793
154,1990,1517
154,1991,1557
154,1992,1436
154,1993,1211
154,1994,1158
154,1995,1241
154,1996,1370
154,1997,1428
154,1998,1410
154,1999,1354
154,2000,1292
154,2001,1245
154,2002,1246
154,2003,1259
154,2004,1280
154,2005,1294
154,2006,1325
154,2007,1377
154,2008,1440
154,2009,1504
154,2010,1601
154,2011,1720
154,2012,1869
154,2013,2003
154,2014,2159
154,2015,2323
154,2016,2493
154,2017,2665
154,2018,2876
154,2019,3082
155,1990,61
155,1991,53
155,1992,52
155,1993,52
155,1994,53
155,1995,55
155,1996,54
155,1997,53
155,1998,52
155,1999,51
155,2000,50
155,2001,50
155,2002,49
155,2003,49
155,2004,50
155,2005,50
155,2006,51
155,2007,51
155,2008,49
155,2009,49
155,2010,51
155,2011,52
155,2012,54
155,2013,56
155,2014,59
155,2015,61
155,2016,64
155,2017,67
155,2018,71
155,2019,80
156,1990,91
156,1991,96
156,1992,101
156,1993,104
156,1994,105
156,1995,108
156,1996,107
156,1997,106
156,1998,107
156,1999,108
156,2000,110
156,2001,113
156,2002,115
156,2003,118
156,2004,121
156,2005,123
156,2006,124
156,2007,122
156,2008,125
156,2009,127
156,2010,128
156,2011,132
156,2012,137
156,2013,146
156,2014,154
156,2015,162
156,2016,178
156,2017,186
156,2018,193
156,2019,199
157,1990,64
157,1991,67
157,1992,70
157,1993,73
157,1994,75
157,1995,76
157,1996,77
157,1997,78
157,1998,80
157,1999,82
157,2000,84
157,2001,84
157,2002,87
157,2003,90
157,2004,92
157,2005,93
157,2006,94
157,2007,97
157,2008,103
157,2009,109
157,2010,115
157,2011,122
157,2012,129
157,2013,135
157,2014,141
157,2015,145
157,2016,149
157,2017,154
157,2018,158
157,2019,162
158,1990,174
158,1991,178
158,1992,182
158,1993,185
158,1994,189
158,1995,194
158,1996,198
158,1997,202
158,1998,206
158,1999,212
158,2000,217
158,2001,222
158,2002,228
158,2003,233
158,2004,238
158,2005,242
158,2006,244
158,2007,244
158,2008,243
158,2009,243
158,2010,244
158,2011,247
158,2012,249
158,2013,252
158,2014,255
158,2015,259
158,2016,264
158,2017,270
158,2018,276
158,2019,282
159,1990,13
159,1991,13
159,1992,13
159,1993,14
159,1994,14
159,1995,14
159,1996,15
159,1997,15
159,1998,15
159,1999,16
159,2000,16
159,2001,17
159,2002,17
159,2003,18
159,2004,19
159,2005,20
159,2006,20
159,2007,21
159,2008,21
159,2009,22
159,2010,22
159,2011,23
159,2012,23
159,2013,24
159,2014,24
159,2015,25
159,2016,25
159,2017,25
159,2018,26
159,2019,26
160,1990,33
160,1991,34
160,1992,35
160,1993,37
160,1994,38
160,1995,40
160,1996,42
160,1997,45
160,1998,47
160,1999,49
160,2000,50
160,2001,52
160,2002,54
160,2003,55
160,2004,58
160,2005,57
160,2006,60
160,2007,62
160,2008,63
160,2009,66
160,2010,69
160,2011,70
160,2012,73
160,2013,76
160,2014,81
160,2015,84
160,2016,88
160,2017,91
160,2018,95
160,2019,98
161,1990,7049
161,1991,7673
161,1992,8282
161,1993,8920
161,1994,9584
161,1995,10232
161,1996,10853
161,1997,11470
161,1998,12098
161,1999,12764
161,2000,13449
161,2001,13993
161,2002,14614
161,2003,15328
161,2004,15953
161,2005,16848
161,2006,17657
161,2007,18444
161,2008,19235
161,2009,19832
161,2010,20465
161,2011,20791
161,2012,21189
161,2013,21918
161,2014,22666
161,2015,23699
161,2016,24557
161,2017,25573
161,2018,26735
161,2019,28039
162,1990,6676
162,1991,6618
162,1992,6617
162,1993,6702
162,1994,6518
162,1995,6465
162,1996,6451
162,1997,6346
162,1998,6339
162,1999,6387
162,2000,6201
162,2001,6090
162,2002,6124
162,2003,6039
162,2004,5872
162,2005,5748
162,2006,5692
162,2007,5660
162,2008,5640
162,2009,5519
162,2010,5537
162,2011,5577
162,2012,5630
162,2013,5683
162,2014,5600
162,2015,5695
162,2016,5800
162,2017,5900
162,2018,6283
162,2019,6390
163,1990,1622
163,1991,1693
163,1992,1745
163,1993,1801
163,1994,1881
163,1995,1906
163,1996,1948
163,1997,1991
163,1998,2072
163,1999,2171
163,2000,2194
163,2001,2683
163,2002,2784
163,2003,2740
163,2004,2910
163,2005,3011
163,2006,3085
163,2007,3224
163,2008,3388
163,2009,3631
163,2010,3539
163,2011,3742
163,2012,3846
163,2013,4052
163,2014,4332
163,2015,4529
163,2016,4788
163,2017,4924
163,2018,5034
163,2019,5265
164,1990,14868
164,1991,15105
164,1992,15820
164,1993,16793
164,1994,17729
164,1995,18672
164,1996,19623
164,1997,20596
164,1998,18870
164,1999,18886
164,2000,19190
164,2001,18707
164,2002,18536
164,2003,18970
164,2004,19303
164,2005,19879
164,2006,19703
164,2007,19564
164,2008,19826
164,2009,19607
164,2010,19075
164,2011,18737
164,2012,18638
164,2013,18487
164,2014,18678
164,2015,18821
164,2016,18361
164,2017,18576
164,2018,18925
164,2019,19161
165,1990,40
165,1991,41
165,1992,43
165,1993,44
165,1994,46
165,1995,47
165,1996,48
165,1997,49
165,1998,50
165,1999,51
165,2000,52
165,2001,53
165,2002,56
165,2003,58
165,2004,59
165,2005,60
165,2006,60
165,2007,61
165,2008,62
165,2009,62
165,2010,62
165,2011,63
165,2012,65
165,2013,67
165,2014,70
165,2015,73
165,2016,77
165,2017,80
165,2018,84
165,2019,88
166,1990,607
166,1991,614
166,1992,628
166,1993,638
166,1994,647
166,1995,667
166,1996,685
166,1997,711
166,1998,732
166,1999,755
166,2000,786
166,2001,823
166,2002,864
166,2003,907
166,2004,951
166,2005,1003
166,2006,1049
166,2007,1111
166,2008,1150
166,2009,1216
166,2010,1297
166,2011,1366
166,2012,1446
166,2013,1515
166,2014,1597
166,2015,1678
166,2016,1772
166,2017,1877
166,2018,1983
166,2019,2064
167,1990,710
167,1991,733
167,1992,759
167,1993,794
167,1994,842
167,1995,885
167,1996,919
167,1997,941
167,1998,971
167,1999,985
167,2000,1003
167,2001,1034
167,2002,1063
167,2003,1079
167,2004,1113
167,2005,1114
167,2006,1153
167,2007,1213
167,2008,1267
167,2009,1282
167,2010,1311
167,2011,1339
167,2012,1391
167,2013,1428
167,2014,1472
167,2015,1523
167,2016,1576
167,2017,1615
167,2018,1696
167,2019,1777
168,1990,7937
168,1991,7946
168,1992,7900
168,1993,7855
168,1994,7764
168,1995,8009
168,1996,7909
168,1997,8366
168,1998,8536
168,1999,8607
168,2000,8461
168,2001,8530
168,2002,8445
168,2003,8484
168,2004,8385
168,2005,8568
168,2006,8522
168,2007,8664
168,2008,8445
168,2009,8402
168,2010,8151
168,2011,8178
168,2012,8063
168,2013,8002
168,2014,7985
168,2015,8329
168,2016,8204
168,2017,8404
168,2018,8569
168,2019,8779
169,1990,2030
169,1991,2069
169,1992,2101
169,1993,2129
169,1994,2153
169,1995,2172
169,1996,2217
169,1997,2271
169,1998,2312
169,1999,2312
169,2000,2280
169,2001,2336
169,2002,2279
169,2003,2289
169,2004,2288
169,2005,2222
169,2006,2221
169,2007,2224
169,2008,2191
169,2009,2204
169,2010,2231
169,2011,2248
169,2012,2305
169,2013,2309
169,2014,2238
169,2015,2368
169,2016,2384
169,2017,2462
169,2018,2535
169,2019,2605
170,1990,284
170,1991,305
170,1992,325
170,1993,346
170,1994,368
170,1995,390
170,1996,414
170,1997,441
170,1998,469
170,1999,496
170,2000,525
170,2001,557
170,2002,584
170,2003,616
170,2004,645
170,2005,671
170,2006,688
170,2007,693
170,2008,671
170,2009,695
170,2010,704
170,2011,744
170,2012,771
170,2013,798
170,2014,831
170,2015,857
170,2016,879
170,2017,906
170,2018,940
170,2019,970
171,1990,844
171,1991,846
171,1992,859
171,1993,868
171,1994,885
171,1995,909
171,1996,936
171,1997,968
171,1998,1001
171,1999,1027
171,2000,1050
171,2001,1075
171,2002,1119
171,2003,1167
171,2004,1216
171,2005,1259
171,2006,1294
171,2007,1358
171,2008,1420
171,2009,1475
171,2010,1520
171,2011,1565
171,2012,1615
171,2013,1668
171,2014,1727
171,2015,1788
171,2016,1845
171,2017,1903
171,2018,1966
171,2019,2017
172,1990,21013
172,1991,21796
172,1992,24221
172,1993,23864
172,1994,26524
172,1995,27199
172,1996,30657
172,1997,37141
172,1998,39420
172,1999,39577
172,2000,42241
172,2001,42120
172,2002,43190
172,2003,44515
172,2004,44835
172,2005,45773
172,2006,48029
172,2007,48534
172,2008,49847
172,2009,51443
172,2010,52813
172,2011,52953
172,2012,53187
172,2013,54165
172,2014,56667
172,2015,58705
172,2016,59474
172,2017,59415
172,2018,56033
172,2019,55365
173,1990,13032
173,1991,13154
173,1992,13042
173,1993,13043
173,1994,13220
173,1995,13153
173,1996,13246
173,1997,13516
173,1998,13960
173,1999,14429
173,2000,14733
173,2001,14776
173,2002,14940
173,2003,15007
173,2004,14908
173,2005,14766
173,2006,14518
173,2007,14456
173,2008,14378
173,2009,14424
173,2010,14598
173,2011,14769
173,2012,15065
173,2013,15205
173,2014,15378
173,2015,15708
173,2016,16150
173,2017,17153
173,2018,18153
173,2019,19333
174,1990,1259
174,1991,1262
174,1992,1271
174,1993,1276
174,1994,1283
174,1995,1304
174,1996,1309
174,1997,1294
174,1998,1315
174,1999,1332
174,2000,1351
174,2001,1347
174,2002,1370
174,2003,1425
174,2004,1481
174,2005,1525
174,2006,1584
174,2007,1634
174,2008,1682
174,2009,1738
174,2010,1800
174,2011,1863
174,2012,1934
174,2013,2001
174,2014,2066
174,2015,2131
174,2016,2182
174,2017,2249
174,2018,2345
174,2019,2434
175,1990,30330
175,1991,31048
175,1992,31283
175,1993,31935
175,1994,32556
175,1995,33414
175,1996,34357
175,1997,34788
175,1998,36015
175,1999,37214
175,2000,37059
175,2001,37375
175,2002,38014
175,2003,38867
175,2004,38655
175,2005,38855
175,2006,38533
175,2007,38768
175,2008,38808
175,2009,38434
175,2010,38128
175,2011,38485
175,2012,38733
175,2013,38461
175,2014,38792
175,2015,39844
175,2016,39877
175,2017,40384
175,2018,41227
175,2019,42038
176,1990,4331
176,1991,4243
176,1992,4429
176,1993,4626
176,1994,5016
176,1995,5425
176,1996,5792
176,1997,6381
176,1998,6463
176,1999,6872
176,2000,7247
176,2001,7260
176,2002,7529
176,2003,8107
176,2004,8512
176,2005,9049
176,2006,9502
176,2007,9952
176,2008,10519
176,2009,11009
176,2010,11371
176,2011,12042
176,2012,12509
176,2013,12880
176,2014,13427
176,2015,13748
176,2016,14347
176,2017,14888
176,2018,15237
176,2019,15936
177,1990,8856
177,1991,9197
177,1992,9552
177,1993,9884
177,1994,10223
177,1995,10530
177,1996,10829
177,1997,11107
177,1998,11378
177,1999,11645
177,2000,11892
177,2001,12195
177,2002,12605
177,2003,13018
177,2004,13496
177,2005,13968
177,2006,14453
177,2007,14999
177,2008,15628
177,2009,16320
177,2010,17004
177,2011,17716
177,2012,18596
177,2013,19500
177,2014,20397
177,2015,21292
177,2016,22047
177,2017,22792
177,2018,23619
177,2019,24442
178,1990,243
178,1991,258
178,1992,271
178,1993,292
178,1994,276
178,1995,240
178,1996,240
178,1997,248
178,1998,273
178,1999,300
178,2000,315
178,2001,333
178,2002,359
178,2003,377
178,2004,388
178,2005,387
178,2006,391
178,2007,397
178,2008,411
178,2009,424
178,2010,437
178,2011,446
178,2012,458
178,2013,490
178,2014,524
178,2015,563
178,2016,590
178,2017,616
178,2018,639
178,2019,657
179,1990,7983
179,1991,8076
179,1992,8074
179,1993,8113
179,1994,7916
179,1995,7991
179,1996,8014
179,1997,7994
179,1998,8003
179,1999,8033
179,2000,7985
179,2001,7987
179,2002,8003
179,2003,7913
179,2004,7896
179,2005,7851
179,2006,7911
179,2007,7933
179,2008,7899
179,2009,7925
179,2010,7975
179,2011,8075
179,2012,8132
179,2013,8183
179,2014,8210
179,2015,8337
179,2016,8491
179,2017,8633
179,2018,8750
179,2019,8795
180,1990,5026
180,1991,5045
180,1992,4998
180,1993,4979
180,1994,5012
180,1995,5198
180,1996,5163
180,1997,5162
180,1998,5149
180,1999,5139
180,2000,5162
180,2001,5085
180,2002,5115
180,2003,5150
180,2004,5068
180,2005,5059
180,2006,5065
180,2007,5092
180,2008,5122
180,2009,5182
180,2010,5208
180,2011,5234
180,2012,5368
180,2013,5461
180,2014,5528
180,2015,5665
180,2016,5720
180,2017,5826
180,2018,5973
180,2019,6129
181,1990,7516
181,1991,7953
181,1992,8614
181,1993,8557
181,1994,8868
181,1995,9221
181,1996,9475
181,1997,9807
181,1998,10401
181,1999,10489
181,2000,10506
181,2001,10246
181,2002,10413
181,2003,10165
181,2004,10425
181,2005,10486
181,2006,10732
181,2007,11143
181,2008,11842
181,2009,12090
181,2010,12509
181,2011,12907
181,2012,13238
181,2013,13645
181,2014,13947
181,2015,14157
181,2016,14573
181,2017,15097
181,2018,15574
181,2019,16054
182,1990,7521
182,1991,7636
182,1992,7867
182,1993,8066
182,1994,8350
182,1995,8672
182,1996,8968
182,1997,8906
182,1998,9112
182,1999,9233
182,2000,9586
182,2001,9865
182,2002,10049
182,2003,10308
182,2004,10641
182,2005,10996
182,2006,10857
182,2007,10893
182,2008,10868
182,2009,10822
182,2010,10930
182,2011,11501
182,2012,11656
182,2013,11777
182,2014,12405
182,2015,12501
182,2016,13248
182,2017,13758
182,2018,14312
182,2019,14957
183,1990,1615
183,1991,1732
183,1992,1877
183,1993,1970
183,1994,2138
183,1995,2064
183,1996,1977
183,1997,1909
183,1998,1890
183,1999,1849
183,2000,1840
183,2001,1892
183,2002,1950
183,2003,2028
183,2004,2116
183,2005,2254
183,2006,2357
183,2007,2465
183,2008,2550
183,2009,2636
183,2010,2798
183,2011,2975
183,2012,3151
183,2013,3323
183,2014,3594
183,2015,3880
183,2016,4204
183,2017,4406
183,2018,4504
183,2019,4665
184,1990,5500
184,1991,5606
184,1992,5741
184,1993,5894
184,1994,6059
184,1995,6217
184,1996,6347
184,1997,6538
184,1998,6801
184,1999,6891
184,2000,6933
184,2001,7069
184,2002,7316
184,2003,7695
184,2004,8071
184,2005,8427
184,2006,8891
184,2007,9387
184,2008,9878
184,2009,10349
184,2010,10791
184,2011,11322
184,2012,11949
184,2013,12589
184,2014,13158
184,2015,13791
184,2016,14658
184,2017,15657
184,2018,16645
184,2019,17605
185,1990,10059
185,1991,11045
185,1992,11932
185,1993,12946
185,1994,14133
185,1995,15328
185,1996,16693
185,1997,16488
185,1998,17730
185,1999,20118
185,2000,21045
185,2001,20578
185,2002,21506
185,2003,21972
185,2004,22763
185,2005,23361
185,2006,24279
185,2007,25242
185,2008,26230
185,2009,27009
185,2010,28452
185,2011,29529
185,2012,30678
185,2013,31782
185,2014,33545
185,2015,35349
185,2016,37888
185,2017,39639
185,2018,41744
185,2019,43873
186,1990,527
186,1991,557
186,1992,590
186,1993,627
186,1994,668
186,1995,709
186,1996,757
186,1997,816
186,1998,876
186,1999,924
186,2000,982
186,2001,1036
186,2002,1089
186,2003,1149
186,2004,1186
186,2005,1242
186,2006,1302
186,2007,1387
186,2008,1488
186,2009,1584
186,2010,1667
186,2011,1745
186,2012,1815
186,2013,1885
186,2014,1991
186,2015,2112
186,2016,2250
186,2017,2395
186,2018,2504
186,2019,2618
187,1990,2
187,1991,2
187,1992,2
187,1993,2
187,1994,2
187,1995,2
187,1996,2
187,1997,2
187,1998,2
187,1999,2
187,2000,2
187,2001,2
187,2002,2
187,2003,2
187,2004,2
187,2005,2
187,2006,2
187,2007,2
187,2008,2
187,2009,2
187,2010,2
187,2011,2
187,2012,2
187,2013,2
187,2014,2
187,2015,2
187,2016,2
187,2017,2
187,2018,2
187,2019,2
188,1990,69
188,1991,71
188,1992,73
188,1993,75
188,1994,78
188,1995,79
188,1996,82
188,1997,86
188,1998,91
188,1999,97
188,2000,99
188,2001,100
188,2002,103
188,2003,106
188,2004,107
188,2005,104
188,2006,104
188,2007,104
188,2008,104
188,2009,104
188,2010,104
188,2011,105
188,2012,106
188,2013,107
188,2014,109
188,2015,110
188,2016,112
188,2017,113
188,2018,115
188,2019,116
189,1990,1439
189,1991,1451
189,1992,1488
189,1993,1578
189,1994,1634
189,1995,1601
189,1996,1678
189,1997,1652
189,1998,1760
189,1999,1815
189,2000,1765
189,2001,1799
189,2002,1773
189,2003,1872
189,2004,1875
189,2005,1875
189,2006,1854
189,2007,1884
189,2008,1985
189,2009,1926
189,2010,1936
189,2011,1933
189,2012,1922
189,2013,2032
189,2014,2137
189,2015,2238
189,2016,2363
189,2017,2448
189,2018,2530
189,2019,2611
190,1990,4148
190,1991,4428
190,1992,4669
190,1993,4896
190,1994,5016
190,1995,5392
190,1996,5556
190,1997,5820
190,1998,6042
190,1999,6207
190,2000,6353
190,2001,6531
190,2002,6728
190,2003,6916
190,2004,7144
190,2005,7387
190,2006,7646
190,2007,7935
190,2008,8257
190,2009,8568
190,2010,8900
190,2011,9218
190,2012,9535
190,2013,9892
190,2014,10234
190,2015,10574
190,2016,10924
190,2017,11279
190,2018,11644
190,2019,12000
191,1990,43299
191,1991,44822
191,1992,46047
191,1993,47490
191,1994,49087
191,1995,50025
191,1996,50146
191,1997,50903
191,1998,51062
191,1999,50358
191,2000,48789
191,2001,49891
191,2002,51207
191,2003,51413
191,2004,51443
191,2005,51623
191,2006,53071
191,2007,54794
191,2008,57341
191,2009,60970
191,2010,62815
191,2011,64144
191,2012,65334
191,2013,67769
191,2014,70164
191,2015,71596
191,2016,73795
191,2017,76187
191,2018,77741
191,2019,80118
192,1990,2533
192,1991,2691
192,1992,2813
192,1993,3269
192,1994,3435
192,1995,3441
192,1996,3647
192,1997,3718
192,1998,3727
192,1999,3720
192,2000,3685
192,2001,3792
192,2002,4087
192,2003,4336
192,2004,4674
192,2005,5034
192,2006,5124
192,2007,5152
192,2008,5076
192,2009,4696
192,2010,4657
192,2011,4907
192,2012,5142
192,2013,5487
192,2014,5806
192,2015,6059
192,2016,6251
192,2017,6415
192,2018,6678
192,2019,6872
193,1990,10
193,1991,11
193,1992,11
193,1993,12
193,1994,12
193,1995,13
193,1996,13
193,1997,13
193,1998,14
193,1999,14
193,2000,14
193,2001,15
193,2002,15
193,2003,16
193,2004,16
193,2005,16
193,2006,16
193,2007,16
193,2008,16
193,2009,16
193,2010,17
193,2011,17
193,2012,17
193,2013,17
193,2014,18
193,2015,18
193,2016,18
193,2017,19
193,2018,19
193,2019,19
194,1990,1681
194,1991,1771
194,1992,1829
194,1993,1919
194,1994,2015
194,1995,2097
194,1996,2209
194,1997,2340
194,1998,2522
194,1999,2700
194,2000,2888
194,2001,3069
194,2002,3235
194,2003,3417
194,2004,3625
194,2005,3796
194,2006,3962
194,2007,4130
194,2008,4264
194,2009,4473
194,2010,4698
194,2011,4992
194,2012,5387
194,2013,5875
194,2014,6327
194,2015,6691
194,2016,7124
194,2017,7454
194,2018,7954
194,2019,8393
195,1990,84409
195,1991,89944
195,1992,95463
195,1993,101573
195,1994,106525
195,1995,113473
195,1996,111983
195,1997,109196
195,1998,103754
195,1999,107428
195,2000,110762
195,2001,110114
195,2002,113239
195,2003,114465
195,2004,117480
195,2005,120719
195,2006,116706
195,2007,120013
195,2008,120766
195,2009,111651
195,2010,109372
195,2011,106139
195,2012,106991
195,2013,107090
195,2014,101771
195,2015,119736
195,2016,116225
195,2017,115042
195,2018,117275
195,2019,116655
196,1990,911
196,1991,983
196,1992,1061
196,1993,1148
196,1994,1246
196,1995,1329
196,1996,1403
196,1997,1467
196,1998,1525
196,1999,1597
196,2000,1683
196,2001,1751
196,2002,1841
196,2003,1971
196,2004,2140
196,2005,2270
196,2006,2416
196,2007,2574
196,2008,2791
196,2009,3100
196,2010,3414
196,2011,3749
196,2012,4126
196,2013,4519
196,2014,4778
196,2015,5271
196,2016,5778
196,2017,6346
196,2018,6956
196,2019,7623
197,1990,63547
197,1991,63152
197,1992,62671
197,1993,62778
197,1994,61252
197,1995,61125
197,1996,60364
197,1997,59554
197,1998,59400
197,1999,59145
197,2000,57502
197,2001,56334
197,2002,56207
197,2003,55569
197,2004,53744
197,2005,52652
197,2006,51823
197,2007,51265
197,2008,51028
197,2009,50094
197,2010,50021
197,2011,50001
197,2012,50681
197,2013,51401
197,2014,51445
197,2015,52339
197,2016,52711
197,2017,53261
197,2018,55098
197,2019,56216
198,1990,232155
198,1991,237071
198,1992,241696
198,1993,252046
198,1994,258503
198,1995,265915
198,1996,269938
198,1997,273597
198,1998,279281
198,1999,287496
198,2000,292865
198,2001,298050
198,2002,303480
198,2003,306668
198,2004,305079
198,2005,310455
198,2006,311855
198,2007,312758
198,2008,317477
198,2009,319825
198,2010,322489
198,2011,329075
198,2012,334656
198,2013,341827
198,2014,349779
198,2015,359659
198,2016,369396
198,2017,373207
198,2018,384191
198,2019,393859
199,1990,93
199,1991,96
199,1992,100
199,1993,105
199,1994,111
199,1995,114
199,1996,118
199,1997,121
199,1998,125
199,1999,131
199,2000,134
199,2001,139
199,2002,142
199,2003,145
199,2004,150
199,2005,154
199,2006,164
199,2007,194
199,2008,201
199,2009,207
199,2010,213
199,2011,219
199,2012,226
199,2013,232
199,2014,237
199,2015,242
199,2016,243
199,2017,247
199,2018,250
199,2019,252
200,1990,2408
200,1991,2371
200,1992,2446
200,1993,2535
200,1994,2539
200,1995,2599
200,1996,2630
200,1997,2652
200,1998,2776
200,1999,2836
200,2000,2812
200,2001,2818
200,2002,2873
200,2003,2934
200,2004,2952
200,2005,2923
200,2006,2864
200,2007,2944
200,2008,2840
200,2009,2790
200,2010,2814
200,2011,2906
200,2012,2920
200,2013,2920
200,2014,2931
200,2015,3002
200,2016,3051
200,2017,3119
200,2018,3166
200,2019,3222
201,1990,11230
201,1991,12178
201,1992,13496
201,1993,15346
201,1994,17015
201,1995,18169
201,1996,19311
201,1997,19709
201,1998,20320
201,1999,20779
201,2000,22111
201,2001,23073
201,2002,24313
201,2003,25447
201,2004,26558
201,2005,28301
201,2006,28002
201,2007,28387
201,2008,28898
201,2009,29037
201,2010,29607
201,2011,31051
201,2012,32415
201,2013,33197
201,2014,34314
201,2015,35401
201,2016,36495
201,2017,37509
201,2018,38575
201,2019,39317
202,1990,84
202,1991,91
202,1992,98
202,1993,105
202,1994,113
202,1995,116
202,1996,123
202,1997,129
202,1998,135
202,1999,143
202,2000,145
202,2001,154
202,2002,154
202,2003,158
202,2004,167
202,2005,183
202,2006,195
202,2007,208
202,2008,221
202,2009,231
202,2010,240
202,2011,255
202,2012,265
202,2013,276
202,2014,286
202,2015,296
202,2016,306
202,2017,314
202,2018,324
202,2019,333
203,1990,8160
203,1991,8700
203,1992,9175
203,1993,9504
203,1994,10136
203,1995,10388
203,1996,10460
203,1997,10456
203,1998,10981
203,1999,11384
203,2000,11632
203,2001,12094
203,2002,12744
203,2003,13365
203,2004,12977
203,2005,13335
203,2006,14272
203,2007,15263
203,2008,16548
203,2009,17277
203,2010,17109
203,2011,17900
203,2012,19016
203,2013,19447
203,2014,20444
203,2015,21327
203,2016,22650
203,2017,23743
203,2018,24722
203,2019,26819
204,1990,6323
204,1991,6440
204,1992,6587
204,1993,6763
204,1994,6967
204,1995,7185
204,1996,7451
204,1997,7770
204,1998,8143
204,1999,8585
204,2000,9068
204,2001,9777
204,2002,10624
204,2003,11618
204,2004,12735
204,2005,13920
204,2006,15256
204,2007,16900
204,2008,18671
204,2009,20490
204,2010,22137
204,2011,23838
204,2012,25574
204,2013,27376
204,2014,29217
204,2015,30895
204,2016,32642
204,2017,34350
204,2018,36157
204,2019,37981
205,1990,3125
205,1991,3116
205,1992,3128
205,1993,3154
205,1994,3099
205,1995,3103
205,1996,3070
205,1997,3045
205,1998,3037
205,1999,3049
205,2000,2975
205,2001,2933
205,2002,2928
205,2003,2902
205,2004,2833
205,2005,2784
205,2006,2712
205,2007,2679
205,2008,2657
205,2009,2623
205,2010,2610
205,2011,2612
205,2012,2650
205,2013,2691
205,2014,2670
205,2015,2705
205,2016,2708
205,2017,2740
205,2018,2824
205,2019,2902
206,1990,2198130
206,1991,2257566
206,1992,2336617
206,1993,2454396
206,1994,2547539
206,1995,2602238
206,1996,2646781
206,1997,2704438
206,1998,2767762
206,1999,2868905
206,2000,2950660
206,2001,3034906
206,2002,3148429
206,2003,3246284
206,2004,3297350
206,2005,3394896
206,2006,3435290
206,2007,3509284
206,2008,3618289
206,2009,3694600
206,2010,3798179
206,2011,3888788
206,2012,4005260
206,2013,4123948
206,2014,4250569
206,2015,4423170
206,2016,4563131
206,2017,4683247
206,2018,4841925
206,2019,5019360
207,1990,3179
207,1991,3263
207,1992,3363
207,1993,3474
207,1994,3596
207,1995,3710
207,1996,3830
207,1997,3962
207,1998,4088
207,1999,4280
207,2000,4450
207,2001,4634
207,2002,4885
207,2003,5158
207,2004,5455
207,2005,5743
207,2006,6091
207,2007,6465
207,2008,6934
207,2009,7307
207,2010,7588
207,2011,8085
207,2012,8582
207,2013,9126
207,2014,9571
207,2015,10093
207,2016,10534
207,2017,11030
207,2018,11485
207,2019,11780
208,1990,1550
208,1991,1639
208,1992,1717
208,1993,1789
208,1994,1872
208,1995,1954
208,1996,2030
208,1997,2098
208,1998,2167
208,1999,2226
208,2000,2272
208,2001,2305
208,2002,2347
208,2003,2406
208,2004,2463
208,2005,2525
208,2006,2637
208,2007,2723
208,2008,2836
208,2009,2972
208,2010,3180
208,2011,3421
208,2012,3672
208,2013,3967
208,2014,4297
208,2015,4652
208,2016,5062
208,2017,5417
208,2018,5747
208,2019,6074
209,1990,2397
209,1991,2432
209,1992,2531
209,1993,2563
209,1994,2598
209,1995,2641
209,1996,2636
209,1997,2713
209,1998,2955
209,1999,3222
209,2000,3539
209,2001,3679
209,2002,3901
209,2003,4085
209,2004,4307
209,2005,4338
209,2006,4474
209,2007,4562
209,2008,4797
209,2009,4933
209,2010,4970
209,2011,4962
209,2012,5053
209,2013,5192
209,2014,5430
209,2015,5636
209,2016,5849
209,2017,6047
209,2018,6248
209,2019,6475
